employee_id,first_name,last_name,department,sub_department,first_level_manager,second_level_manager,third_level_manager,fourth_level_manager,job_title,job_level,employment_type,contract_type,work_location,city,region,salary,bonus_target_pct,hire_date,term_date,term_type,term_reason,active_status,gender,age,ethnicity,education,years_experience,performance_rating,engagement_score,absence_days,overtime_hours,training_hours,promotion_last_3yrs,salary_band,marital_status
1200000004,Stanley,Griffiths,Executive,CEO,,,,,CEO,Executive,Permanent,Full Time,Head Office Manchester,Manchester,North West,218500,42.8,25/05/2020,,,,1,Male,51,White British,A-Level,32,3.4,68,4,0,12,No,Band A,Single
1200000005,Ashley,Smith,Executive,COO,1200000004,,,,COO,Executive,Permanent,Full Time,Head Office Manchester,Manchester,North West,167000,51.2,28/09/2023,,,,1,Male,41,White British,Master's,19,2.4,83,2,0,2,No,Band A,Married
1200000006,Brian,Newman,Executive,CFO,1200000004,,,,CFO,Executive,Permanent,Full Time,Head Office London,London,London,265400,43.1,29/11/2017,,,,1,Female,45,Mixed,Bachelor's,25,3.2,73,2,0,11,Yes,Band A,Married
1200000009,Declan,Cox,Executive,CTO,1200000004,,,,CTO,Executive,Permanent,Full Time,Head Office London,London,London,219700,59.5,16/03/2018,,,,1,Male,43,White British,Master's,21,4.6,64,5,0,17,No,Band A,Married
1200000012,Teresa,Hopkins,Executive,CHRO,1200000004,,,,CHRO,Executive,Permanent,Full Time,Head Office London,London,London,268900,59.7,25/11/2022,,,,1,Male,36,Asian British,A-Level,17,2.9,49,4,0,21,No,Band A,Single
1200000014,Phillip,Higgins,HR,HR Operations,1200000012,1200000004,,,HR Director,Director,Permanent,Full Time,Head Office Manchester,Manchester,North West,131600,26.7,23/03/2024,,,,1,Male,34,White Other,Bachelor's,12,4,60,3,0,14,No,Band A,Married
1200000015,Joanne,Lloyd,HR,Recruitment,1200000014,1200000012,1200000004,,Head of Talent Acquisition,Senior Manager,Permanent,Full Time,Head Office Manchester,Manchester,North West,78800,15.5,06/01/2024,,,,1,Male,29,Black British,Master's,8,3.5,86,5,0,0,No,Band A,Married
1200000018,Tina,Foster,HR,HR Operations,1200000014,1200000012,1200000004,,HR Operations Manager,Senior Manager,Permanent,Full Time,Head Office London,London,London,100800,18.8,20/05/2019,,,,1,Female,37,White Other,Bachelor's,18,4.1,68,3,0,21,No,Band A,Married
1200000019,Leonard,Ryan,HR,Learning & Development,1200000014,1200000012,1200000004,,L&D Manager,Senior Manager,Contractor,Full Time,Head Office London,London,London,102100,15.4,11/04/2024,,,,1,Female,30,White British,PhD,9,4,76,6,0,15,No,Band A,Married
1200000022,Gail,Harrison,HR,Reward,1200000014,1200000012,1200000004,,Reward Manager,Senior Manager,Permanent,Full Time,Head Office Manchester,Manchester,North West,79600,18,27/04/2024,,,,1,Female,41,White British,Vocational/Apprenticeship,23,3.7,34,2,0,21,No,Band A,Married
1200000024,Anna,Quinn,HR,Employee Relations,1200000014,1200000012,1200000004,,Employee Relations Manager,Senior Manager,Fixed-Term,Full Time,Head Office Manchester,Manchester,North West,75000,17.6,29/01/2024,,,,1,Female,39,White British,Vocational/Apprenticeship,20,3.7,70,4,0,19,No,Band A,Single
1200000026,Francesca,White,HR,Recruitment,1200000015,1200000014,1200000012,1200000004,Talent Acquisition Specialist,Individual Contributor,Permanent,Part Time,Head Office Manchester,Manchester,North West,25400,2.4,13/12/2024,,,,1,Male,24,Mixed,Master's,6,3.7,76,5,3,32,Yes,Band F,Single
1200000029,Sarah,Reed,HR,Recruitment,1200000015,1200000014,1200000012,1200000004,Talent Acquisition Specialist,Individual Contributor,Permanent,Full Time,Head Office Manchester,Manchester,North West,35700,0,19/03/2022,20/02/2024,Voluntary,Personal reasons,0,Female,27,Other Ethnic Group,Master's,8,3.2,95,0,9,2,No,Band B,Married
1200000030,Jason,Harrison,HR,Recruitment,1200000015,1200000014,1200000012,1200000004,Talent Acquisition Specialist,Individual Contributor,Permanent,Full Time,Head Office Manchester,Manchester,North West,24100,0,26/11/2024,,,,1,Female,24,White British,Bachelor's,5,3,61,7,2,20,No,Band F,Single
1200000032,Kerry,White,HR,Recruitment,1200000015,1200000014,1200000012,1200000004,Talent Acquisition Specialist,Individual Contributor,Permanent,Full Time,Head Office Manchester,Manchester,North West,31700,0,12/09/2024,,,,1,Male,23,White British,Bachelor's,1,3,75,2,6,20,Yes,Band D,Married
1200000035,Gillian,Andrews,HR,Recruitment,1200000015,1200000014,1200000012,1200000004,Talent Acquisition Specialist,Individual Contributor,Permanent,Full Time,Head Office London,London,London,34900,2.4,27/11/2023,,,,1,Male,28,White British,Bachelor's,10,3.1,74,4,0,29,No,Band B,Single
1200000038,Judith,Warner,HR,HR Operations,1200000018,1200000014,1200000012,1200000004,HR Administrator,Individual Contributor,Contractor,Full Time,Head Office Manchester,Manchester,North West,30700,0.6,06/09/2025,,,,1,Female,18,White British,Bachelor's,0,4.1,68,5,0,18,No,Band D,Single
1200000041,Janice,Glover,HR,HR Operations,1200000018,1200000014,1200000012,1200000004,HR Administrator,Individual Contributor,Permanent,Full Time,Head Office London,London,London,30300,0,22/10/2021,,,,1,Female,36,White British,Bachelor's,15,3.5,57,4,6,16,No,Band D,Single
1200000044,Debra,Butler,HR,HR Operations,1200000018,1200000014,1200000012,1200000004,HR Administrator,Individual Contributor,Permanent,Full Time,Head Office Manchester,Manchester,North West,32300,0,06/12/2022,,,,1,Female,28,White British,Master's,10,2.6,59,5,0,28,No,Band D,Widowed
1200000045,Gemma,Elliott,HR,HR Operations,1200000018,1200000014,1200000012,1200000004,HR Administrator,Individual Contributor,Permanent,Full Time,Head Office Manchester,Manchester,North West,32600,0,25/03/2025,,,,1,Female,27,White British,Master's,5,4.1,84,10,0,10,No,Band C,Married
1200000046,Sara,Harvey,HR,HR Operations,1200000018,1200000014,1200000012,1200000004,HR Administrator,Individual Contributor,Permanent,Full Time,Head Office Manchester,Manchester,North West,25200,1.5,01/11/2024,,,,1,Male,30,White British,Bachelor's,12,3.2,81,1,0,13,Yes,Band F,Married
1200000047,Paige,Ferguson,HR,Learning & Development,1200000019,1200000014,1200000012,1200000004,Learning & Development Advisor,Individual Contributor,Permanent,Full Time,Head Office Manchester,Manchester,North West,25800,0.5,01/08/2024,,,,1,Female,21,White British,Bachelor's,3,3.6,61,2,5,31,No,Band F,Single
1200000048,Stephanie,Norton,HR,Learning & Development,1200000019,1200000014,1200000012,1200000004,Learning & Development Advisor,Individual Contributor,Permanent,Full Time,Head Office London,London,London,27400,0,26/08/2021,,,,1,Male,28,White British,PhD,10,3.6,65,1,0,10,No,Band E,Single
1200000051,Dylan,Young,HR,Learning & Development,1200000019,1200000014,1200000012,1200000004,Learning & Development Advisor,Individual Contributor,Contractor,Full Time,Head Office Manchester,Manchester,North West,33500,1.3,20/06/2022,,,,1,Female,28,White British,Bachelor's,8,3.1,85,6,11,30,No,Band C,Single
1200000052,Jeremy,Mellor,HR,Learning & Development,1200000019,1200000014,1200000012,1200000004,Learning & Development Advisor,Individual Contributor,Permanent,Full Time,Head Office Manchester,Manchester,North West,34200,2.8,26/03/2025,,,,1,Female,26,White British,Bachelor's,5,4.6,26,4,0,16,No,Band C,Single
1200000055,Jay,Rees,HR,Reward,1200000022,1200000014,1200000012,1200000004,Reward Analyst,Individual Contributor,Permanent,Full Time,Head Office Manchester,Manchester,North West,27300,1.4,06/09/2025,,,,1,Male,19,White British,A-Level,0,3.5,69,8,4,20,No,Band E,Single
1200000056,Joyce,Wilson,HR,Reward,1200000022,1200000014,1200000012,1200000004,Reward Analyst,Individual Contributor,Permanent,Full Time,Head Office Manchester,Manchester,North West,30500,2.5,12/09/2025,,,,1,Female,22,White British,Bachelor's,0,3.2,63,6,9,23,No,Band D,Divorced
1200000059,Jacob,Robinson,HR,Reward,1200000022,1200000014,1200000012,1200000004,Reward Analyst,Individual Contributor,Permanent,Full Time,Head Office Manchester,Manchester,North West,33900,0.3,14/05/2025,,,,1,Female,30,Asian British,Bachelor's,9,3.6,62,6,10,31,Yes,Band C,Married
1200000060,Megan,Taylor,HR,Reward,1200000022,1200000014,1200000012,1200000004,Reward Analyst,Individual Contributor,Permanent,Full Time,Head Office Manchester,Manchester,North West,34900,2.2,15/05/2024,,,,1,Female,27,White British,Bachelor's,7,4,76,5,3,29,No,Band B,Single
1200000062,Janice,White,HR,Employee Relations,1200000024,1200000014,1200000012,1200000004,HR Advisor,Senior Individual Contributor,Permanent,Full Time,Head Office Manchester,Manchester,North West,44900,5.1,12/01/2023,,,,1,Female,27,White British,Master's,7,3.5,85,2,3,24,No,Band A,Married
1200000065,Ellie,Lee,HR,Employee Relations,1200000024,1200000014,1200000012,1200000004,HR Advisor,Senior Individual Contributor,Permanent,Full Time,Head Office London,London,London,68100,6.2,12/05/2023,,,,1,Male,28,White British,A-Level,6,3.2,79,1,9,29,No,Band A,Single
1200000066,Jonathan,Middleton,HR,Employee Relations,1200000024,1200000014,1200000012,1200000004,HR Advisor,Senior Individual Contributor,Permanent,Full Time,Head Office Manchester,Manchester,North West,52900,5.1,27/07/2024,,,,1,Male,35,White British,Bachelor's,17,3.4,43,3,13,11,No,Band A,Divorced
1200000067,Kelly,Davies,HR,Employee Relations,1200000024,1200000014,1200000012,1200000004,HR Advisor,Senior Individual Contributor,Permanent,Full Time,Head Office Manchester,Manchester,North West,53200,3.3,19/11/2024,,,,1,Female,27,White British,A-Level,5,3,78,5,4,18,No,Band A,Married
1200000070,Diana,Cross,Finance,FP&A,1200000006,1200000004,,,Finance Director,Director,Permanent,Full Time,Head Office London,London,London,114500,32.4,26/08/2020,,,,1,Female,43,White British,Bachelor's,22,3,100,5,0,22,No,Band A,Married
1200000072,Josephine,Hammond,Finance,FP&A,1200000070,1200000006,1200000004,,FP&A Manager,Manager,Permanent,Full Time,Head Office London,London,London,64900,11.7,20/09/2024,,,,1,Male,37,Asian British,Bachelor's,18,3.4,53,2,0,21,No,Band A,Single
1200000074,Elliott,Thompson,Finance,Payroll,1200000070,1200000006,1200000004,,Payroll Manager,Manager,Permanent,Full Time,Head Office Manchester,Manchester,North West,61800,11.9,27/06/2021,,,,1,Female,34,White Other,Vocational/Apprenticeship,15,4.1,53,3,0,36,Yes,Band A,Married
1200000076,Lesley,Humphries,Finance,Accounts Payable,1200000070,1200000006,1200000004,,Accounts Payable Manager,Manager,Permanent,Full Time,Head Office Manchester,Manchester,North West,67800,14.5,16/01/2021,,,,1,Female,38,White British,Bachelor's,16,2.5,90,6,0,20,No,Band A,Single
1200000077,Janice,Dixon,Finance,Accounts Receivable,1200000070,1200000006,1200000004,,Accounts Receivable Manager,Manager,Permanent,Full Time,Head Office Manchester,Manchester,North West,67400,12.8,11/02/2023,,,,1,Female,34,White British,Master's,13,3.5,67,3,0,2,Yes,Band A,Single
1200000079,Stanley,Holmes,Finance,FP&A,1200000072,1200000070,1200000006,1200000004,FP&A Analyst,Individual Contributor,Fixed-Term,Full Time,Head Office London,London,London,37400,0,06/08/2024,,,,1,Male,21,Mixed,Bachelor's,3,3.6,100,7,12,26,Yes,Band B,Married
1200000080,Natalie,Richardson,Finance,FP&A,1200000072,1200000070,1200000006,1200000004,FP&A Analyst,Individual Contributor,Permanent,Full Time,Head Office Manchester,Manchester,North West,26100,0.3,02/11/2024,,,,1,Female,27,Black British,Master's,8,2.5,92,6,0,17,No,Band F,Single
1200000081,Jacqueline,Wilson,Finance,FP&A,1200000072,1200000070,1200000006,1200000004,FP&A Analyst,Individual Contributor,Permanent,Full Time,Head Office Manchester,Manchester,North West,29100,2.7,16/02/2024,,,,1,Female,23,White British,Vocational/Apprenticeship,5,2.7,81,1,6,8,No,Band E,Married
1200000083,Andrew,Nelson,Finance,FP&A,1200000072,1200000070,1200000006,1200000004,FP&A Analyst,Individual Contributor,Permanent,Full Time,Head Office Manchester,Manchester,North West,24700,0,12/04/2024,,,,1,Female,27,White British,Bachelor's,5,2.9,79,1,0,10,No,Band F,Single
1200000085,Marc,Phillips,Finance,FP&A,1200000072,1200000070,1200000006,1200000004,FP&A Analyst,Individual Contributor,Permanent,Full Time,Head Office London,London,London,30600,2.9,25/09/2023,,,,1,Female,26,White British,A-Level,5,4.7,72,3,3,15,No,Band D,Divorced
1200000086,Kenneth,Johnston,Finance,FP&A,1200000072,1200000070,1200000006,1200000004,FP&A Analyst,Individual Contributor,Permanent,Full Time,Head Office Manchester,Manchester,North West,28000,1.7,02/07/2024,,,,1,Female,21,White British,Bachelor's,0,3.3,39,4,9,8,No,Band E,Married
1200000087,Ruth,Hawkins,Finance,Payroll,1200000074,1200000070,1200000006,1200000004,Payroll Administrator,Individual Contributor,Permanent,Full Time,Head Office Manchester,Manchester,North West,33100,2.1,11/03/2025,,,,1,Male,31,White British,Master's,10,4.4,37,3,0,11,No,Band C,Married
1200000090,Charles,Kelly,Finance,Payroll,1200000074,1200000070,1200000006,1200000004,Payroll Administrator,Individual Contributor,Permanent,Full Time,Head Office Manchester,Manchester,North West,31000,1.7,27/03/2025,,,,1,Male,29,White British,Master's,9,4.1,81,3,1,33,No,Band D,Married
1200000093,Frederick,Byrne,Finance,Payroll,1200000074,1200000070,1200000006,1200000004,Payroll Administrator,Individual Contributor,Contractor,Full Time,Head Office Manchester,Manchester,North West,27500,0.8,01/07/2024,,,,1,Female,30,White British,A-Level,11,2.4,85,3,1,11,No,Band E,Married
1200000094,Danny,Hale,Finance,Payroll,1200000074,1200000070,1200000006,1200000004,Payroll Administrator,Individual Contributor,Permanent,Full Time,Head Office Manchester,Manchester,North West,28500,0,18/09/2024,,,,1,Male,32,White British,Bachelor's,13,2,81,6,7,8,No,Band E,Married
1200000097,Holly,Davidson,Finance,Payroll,1200000074,1200000070,1200000006,1200000004,Payroll Administrator,Individual Contributor,Permanent,Full Time,Head Office Manchester,Manchester,North West,27000,0.8,02/01/2025,,,,1,Male,27,Asian British,Bachelor's,7,3.1,79,3,5,8,Yes,Band E,Single
1200000098,Heather,Powell,Finance,Accounts Payable,1200000076,1200000070,1200000006,1200000004,Accounts Payable Clerk,Individual Contributor,Permanent,Part Time,Head Office Manchester,Manchester,North West,34100,0,26/02/2022,,,,1,Female,30,White British,Master's,8,3.1,72,2,0,25,No,Band C,Married
1200000099,Eileen,Rowe,Finance,Accounts Payable,1200000076,1200000070,1200000006,1200000004,Accounts Payable Clerk,Individual Contributor,Permanent,Full Time,Head Office Manchester,Manchester,North West,34200,0,12/01/2024,,,,1,Female,29,White British,Bachelor's,10,2.4,57,6,4,16,No,Band C,Married
1200000101,Eileen,Matthews,Finance,Accounts Payable,1200000076,1200000070,1200000006,1200000004,Accounts Payable Clerk,Individual Contributor,Permanent,Full Time,Head Office London,London,London,40500,0.2,20/07/2023,,,,1,Male,24,White British,Bachelor's,4,3.2,65,4,2,27,No,Band B,Single
1200000104,Jamie,Turner,Finance,Accounts Payable,1200000076,1200000070,1200000006,1200000004,Accounts Payable Clerk,Individual Contributor,Fixed-Term,Full Time,Head Office Manchester,Manchester,North West,25200,0,28/07/2025,,,,1,Male,21,White Other,Master's,2,4.1,60,6,0,29,No,Band F,Married
1200000107,Diane,Bond,Finance,Accounts Payable,1200000076,1200000070,1200000006,1200000004,Accounts Payable Clerk,Individual Contributor,Permanent,Full Time,Head Office London,London,London,36600,1.8,29/10/2023,,,,1,Male,26,Asian British,A-Level,4,3.6,75,2,13,22,No,Band B,Married
1200000108,Joanne,Davey,Finance,Accounts Receivable,1200000077,1200000070,1200000006,1200000004,Accounts Receivable Clerk,Individual Contributor,Permanent,Full Time,Head Office Manchester,Manchester,North West,27000,1.3,15/06/2025,,,,1,Male,30,Asian British,Vocational/Apprenticeship,10,4.3,65,3,12,28,No,Band E,Married
1200000110,Victoria,Gould,Finance,Accounts Receivable,1200000077,1200000070,1200000006,1200000004,Accounts Receivable Clerk,Individual Contributor,Permanent,Full Time,Head Office Manchester,Manchester,North West,33000,0,10/03/2026,,,,1,Male,25,White British,Bachelor's,4,3.6,83,4,18,19,Yes,Band C,Single
1200000113,Tracy,James,Finance,Accounts Receivable,1200000077,1200000070,1200000006,1200000004,Accounts Receivable Clerk,Individual Contributor,Permanent,Full Time,Head Office Manchester,Manchester,North West,29900,1.5,24/12/2024,,,,1,Male,18,White British,Bachelor's,0,3,78,7,4,28,No,Band E,Single
1200000116,Phillip,Anderson,Finance,Accounts Receivable,1200000077,1200000070,1200000006,1200000004,Accounts Receivable Clerk,Individual Contributor,Permanent,Part Time,Head Office London,London,London,37600,0,08/05/2026,,,,1,Female,20,White British,Bachelor's,0,2.9,48,6,0,16,No,Band B,Single
1200000119,Lorraine,Palmer,Finance,Accounts Receivable,1200000077,1200000070,1200000006,1200000004,Accounts Receivable Clerk,Individual Contributor,Permanent,Full Time,Head Office Manchester,Manchester,North West,31900,0.7,06/04/2023,,,,1,Male,32,White British,Bachelor's,11,4.1,46,1,0,23,No,Band D,Widowed
1200000121,Joan,Hill,Technology,Software Engineering,1200000009,1200000004,,,Technology Director,Director,Permanent,Full Time,Head Office Manchester,Manchester,North West,151000,25,08/11/2021,,,,1,Male,48,White Other,A-Level,28,3.6,74,2,0,16,No,Band A,Married
1200000123,Martyn,Taylor,Technology,Software Engineering,1200000121,1200000009,1200000004,,Head of Software Engineering,Senior Manager,Permanent,Full Time,Head Office Manchester,Manchester,North West,89200,21.5,02/02/2018,,,,1,Male,45,Asian British,PhD,24,4.3,34,3,0,20,No,Band A,Single
1200000125,Christopher,Davies,Technology,BI & Data,1200000121,1200000009,1200000004,,Head of BI & Data,Senior Manager,Permanent,Full Time,Head Office Manchester,Manchester,North West,96300,20.5,15/06/2021,,,,1,Male,45,White British,Bachelor's,24,3,66,3,0,17,No,Band A,Single
1200000127,Amy,Richardson,Technology,Infrastructure,1200000121,1200000009,1200000004,,Head of Infrastructure,Senior Manager,Permanent,Full Time,Head Office Manchester,Manchester,North West,87600,21.1,06/10/2023,,,,1,Male,34,Mixed,Bachelor's,15,3.6,70,3,0,26,No,Band A,Married
1200000130,Sara,Myers,Technology,Cyber Security,1200000121,1200000009,1200000004,,Head of Cyber Security,Senior Manager,Contractor,Full Time,Head Office Manchester,Manchester,North West,92100,15.3,06/09/2024,,,,1,Female,34,White British,Master's,13,4.2,62,1,0,8,No,Band A,Widowed
1200000133,Sian,Cook,Technology,Service Desk,1200000121,1200000009,1200000004,,Service Desk Manager,Senior Manager,Permanent,Full Time,Head Office London,London,London,95500,21.3,06/04/2026,,,,1,Male,29,White British,A-Level,10,2.8,60,4,0,0,No,Band A,Married
1200000136,Sean,Williams,Technology,QA,1200000121,1200000009,1200000004,,QA Manager,Senior Manager,Permanent,Full Time,Head Office Manchester,Manchester,North West,76200,19.3,15/09/2021,,,,1,Male,32,White British,Master's,13,3.5,66,4,0,17,No,Band A,Married
1200000139,Julian,Harper,Technology,Software Engineering,1200000123,1200000121,1200000009,1200000004,Software Engineering Manager,Manager,Permanent,Full Time,Head Office Manchester,Manchester,North West,69200,10.8,24/08/2025,,,,1,Male,38,White British,Bachelor's,18,2.5,79,4,0,20,No,Band A,Married
1200000141,Wayne,Page,Technology,Software Engineering,1200000123,1200000121,1200000009,1200000004,Software Engineering Manager,Manager,Permanent,Full Time,Head Office Manchester,Manchester,North West,58600,11.9,11/07/2020,,,,1,Male,38,White British,Bachelor's,20,3.8,46,2,0,5,No,Band A,Married
1200000144,Craig,Buckley,Technology,BI & Data,1200000125,1200000121,1200000009,1200000004,BI & Data Manager,Manager,Permanent,Full Time,Head Office Manchester,Manchester,North West,60200,13.9,02/06/2024,,,,1,Female,29,White British,A-Level,8,2.6,60,5,0,18,No,Band A,Single
1200000147,Michelle,Taylor,Technology,Infrastructure,1200000127,1200000121,1200000009,1200000004,Infrastructure Manager,Manager,Permanent,Full Time,Head Office Manchester,Manchester,North West,70300,11.8,09/07/2022,04/07/2026,Voluntary,Retirement,0,Male,42,White British,Vocational/Apprenticeship,24,3.6,48,2,0,27,No,Band A,Married
1200000149,Leanne,Gray,Technology,Cyber Security,1200000130,1200000121,1200000009,1200000004,Cyber Security Manager,Manager,Permanent,Full Time,Head Office Manchester,Manchester,North West,54400,12.3,14/02/2025,,,,1,Female,33,White British,A-Level,13,3.9,64,5,0,17,No,Band A,Married
1200000151,Howard,John,Technology,Service Desk,1200000133,1200000121,1200000009,1200000004,Service Desk Manager,Manager,Fixed-Term,Full Time,Head Office Manchester,Manchester,North West,63100,13.4,16/10/2023,,,,1,Male,33,White British,Master's,12,3.6,79,4,0,28,No,Band A,Married
1200000154,Martin,Patel,Technology,QA,1200000136,1200000121,1200000009,1200000004,QA Manager,Manager,Permanent,Part Time,Head Office London,London,London,82400,14.1,06/06/2022,,,,1,Male,37,Black British,Bachelor's,19,3.8,69,7,0,3,No,Band A,Single
1200000157,Jonathan,Powell,Technology,Software Engineering,1200000139,1200000123,1200000121,1200000009,Software Engineer,Individual Contributor,Permanent,Part Time,Head Office Manchester,Manchester,North West,32400,2.2,19/03/2024,,,,1,Male,27,Asian British,Master's,5,3.2,68,6,4,18,No,Band C,Single
1200000158,Arthur,Bell,Technology,Software Engineering,1200000141,1200000123,1200000121,1200000009,Software Engineer,Individual Contributor,Permanent,Full Time,Head Office Manchester,Manchester,North West,36300,0,22/05/2024,,,,1,Female,21,White British,Bachelor's,0,3.1,100,7,1,4,Yes,Band B,Single
1200000159,Abbie,Duncan,Technology,Software Engineering,1200000139,1200000123,1200000121,1200000009,Software Engineer,Individual Contributor,Permanent,Full Time,Head Office Manchester,Manchester,North West,26400,1.7,28/10/2023,,,,1,Female,34,White British,A-Level,15,2.8,85,5,2,19,No,Band F,Divorced
1200000162,Julie,Griffiths,Technology,Software Engineering,1200000141,1200000123,1200000121,1200000009,Software Engineer,Individual Contributor,Permanent,Full Time,Head Office Manchester,Manchester,North West,27500,0,23/05/2022,,,,1,Male,22,White Other,Bachelor's,4,3.5,63,2,0,14,No,Band E,Single
1200000164,Jeremy,Shaw,Technology,Software Engineering,1200000139,1200000123,1200000121,1200000009,Senior Software Engineer,Senior Individual Contributor,Permanent,Full Time,Head Office Manchester,Manchester,North West,47500,7.7,23/05/2025,,,,1,Male,27,White British,A-Level,5,3.8,62,3,0,14,No,Band A,Married
1200000166,Natasha,Smith,Technology,Software Engineering,1200000141,1200000123,1200000121,1200000009,Senior Software Engineer,Senior Individual Contributor,Permanent,Full Time,Head Office London,London,London,48700,4.6,05/03/2024,,,,1,Male,34,White British,Bachelor's,16,3.7,60,4,4,12,No,Band A,Single
1200000168,Trevor,Shaw,Technology,Software Engineering,1200000139,1200000123,1200000121,1200000009,Software Engineer,Individual Contributor,Permanent,Full Time,Head Office London,London,London,42900,1.3,29/06/2023,,,,1,Male,30,Asian British,Bachelor's,8,4.3,56,10,12,24,No,Band A,Single
1200000169,Simon,Cunningham,Technology,Software Engineering,1200000141,1200000123,1200000121,1200000009,Software Engineer,Individual Contributor,Permanent,Full Time,Head Office Manchester,Manchester,North West,26700,0,21/11/2024,,,,1,Male,24,White British,A-Level,6,3.7,66,2,8,3,No,Band F,Single
1200000172,Norman,Sharp,Technology,Software Engineering,1200000139,1200000123,1200000121,1200000009,Software Engineer,Individual Contributor,Permanent,Full Time,Head Office Manchester,Manchester,North West,35500,0,20/08/2024,,,,1,Female,23,White British,Master's,3,4.4,74,4,7,19,No,Band B,Married
1200000175,Brenda,Miller,Technology,Software Engineering,1200000141,1200000123,1200000121,1200000009,Software Engineer,Individual Contributor,Permanent,Full Time,Head Office Manchester,Manchester,North West,35800,1.7,21/03/2025,,,,1,Male,27,White British,Master's,5,3.6,62,2,6,12,No,Band B,Married
1200000176,Philip,Knowles,Technology,Software Engineering,1200000139,1200000123,1200000121,1200000009,Senior Software Engineer,Senior Individual Contributor,Permanent,Full Time,Head Office Manchester,Manchester,North West,61700,7.9,27/06/2022,,,,1,Male,32,White British,Master's,13,2.5,66,5,10,31,No,Band A,Married
1200000177,Harriet,O'Brien,Technology,Software Engineering,1200000141,1200000123,1200000121,1200000009,Software Engineer,Individual Contributor,Permanent,Full Time,Head Office Manchester,Manchester,North West,29900,1.3,06/10/2023,,,,1,Male,27,White British,Bachelor's,9,2.8,95,5,4,15,No,Band E,Married
1200000179,Arthur,Carr,Technology,Software Engineering,1200000139,1200000123,1200000121,1200000009,Software Engineer,Individual Contributor,Permanent,Full Time,Head Office Manchester,Manchester,North West,30400,2.3,23/03/2023,,,,1,Female,19,White Other,Bachelor's,0,3.7,68,6,5,25,Yes,Band D,Single
1200000182,Phillip,Arnold,Technology,Software Engineering,1200000141,1200000123,1200000121,1200000009,Software Engineer,Individual Contributor,Permanent,Full Time,Head Office Manchester,Manchester,North West,30600,1.7,03/07/2025,,,,1,Male,20,White British,Bachelor's,2,3.1,97,2,0,23,Yes,Band D,Married
1200000183,Mathew,Mitchell,Technology,Software Engineering,1200000139,1200000123,1200000121,1200000009,Senior Software Engineer,Senior Individual Contributor,Permanent,Full Time,Head Office Manchester,Manchester,North West,42600,5,29/09/2025,,,,1,Male,34,White British,Bachelor's,12,3.4,62,6,0,17,No,Band A,Divorced
1200000186,Leigh,Lawson,Technology,Software Engineering,1200000141,1200000123,1200000121,1200000009,Software Engineer,Individual Contributor,Permanent,Full Time,Head Office Manchester,Manchester,North West,29600,0,14/06/2023,,,,1,Female,22,White British,A-Level,3,3.4,72,2,2,17,No,Band E,Single
1200000189,Denise,Matthews,Technology,Software Engineering,1200000139,1200000123,1200000121,1200000009,Software Engineer,Individual Contributor,Permanent,Full Time,Head Office Manchester,Manchester,North West,32800,2.4,27/02/2024,,,,1,Male,25,White British,Bachelor's,4,4.1,80,2,12,27,Yes,Band C,Divorced
1200000190,Albert,Brooks,Technology,Software Engineering,1200000141,1200000123,1200000121,1200000009,Software Engineer,Individual Contributor,Permanent,Full Time,Head Office Manchester,Manchester,North West,35200,2.4,08/12/2023,,,,1,Male,29,Asian British,Bachelor's,8,4,80,4,2,31,No,Band B,Divorced
1200000192,Gerald,Lyons,Technology,Software Engineering,1200000139,1200000123,1200000121,1200000009,Software Engineer,Individual Contributor,Permanent,Full Time,Head Office Manchester,Manchester,North West,25900,0,07/06/2025,,,,1,Female,22,White British,Bachelor's,3,2.9,64,8,7,7,No,Band F,Single
1200000193,Eric,O'Neill,Technology,Software Engineering,1200000141,1200000123,1200000121,1200000009,Software Engineer,Individual Contributor,Permanent,Part Time,Head Office Manchester,Manchester,North West,30900,0,24/02/2023,,,,1,Female,31,White British,Bachelor's,13,3.2,94,3,5,28,No,Band D,Divorced
1200000194,Nathan,Collins,Technology,Software Engineering,1200000139,1200000123,1200000121,1200000009,Senior Software Engineer,Senior Individual Contributor,Permanent,Full Time,Head Office Manchester,Manchester,North West,60400,6.5,19/06/2022,,,,1,Female,33,White British,Master's,14,3.4,84,5,0,21,No,Band A,Married
1200000195,Mark,Fox,Technology,Software Engineering,1200000141,1200000123,1200000121,1200000009,Senior Software Engineer,Senior Individual Contributor,Permanent,Full Time,Head Office London,London,London,64600,4,02/04/2024,,,,1,Male,27,Other Ethnic Group,Bachelor's,7,3.5,88,4,0,21,No,Band A,Married
1200000198,Pauline,Fox,Technology,Software Engineering,1200000139,1200000123,1200000121,1200000009,Software Engineer,Individual Contributor,Permanent,Full Time,Head Office Manchester,Manchester,North West,28300,2.3,03/02/2024,,,,1,Male,25,Asian British,Bachelor's,6,4.2,62,3,0,20,No,Band E,Single
1200000200,Sarah,Hammond,Technology,BI & Data,1200000144,1200000125,1200000121,1200000009,Data Analyst,Individual Contributor,Permanent,Full Time,Head Office Manchester,Manchester,North West,28500,0,21/07/2025,,,,1,Male,22,Black British,PhD,1,3,79,1,9,30,No,Band E,Married
1200000201,Vanessa,Howard,Technology,BI & Data,1200000144,1200000125,1200000121,1200000009,BI Developer,Individual Contributor,Permanent,Full Time,Head Office Manchester,Manchester,North West,34700,2.1,14/03/2023,,,,1,Female,22,White British,Bachelor's,2,3.3,77,2,8,18,Yes,Band C,Single
1200000202,Janet,Howe,Technology,BI & Data,1200000144,1200000125,1200000121,1200000009,BI Developer,Individual Contributor,Permanent,Full Time,Head Office Manchester,Manchester,North West,26100,0,12/09/2023,,,,1,Female,23,White British,Bachelor's,2,4,76,4,0,24,Yes,Band F,Single
1200000204,Roger,Bruce,Technology,BI & Data,1200000144,1200000125,1200000121,1200000009,Data Analyst,Individual Contributor,Fixed-Term,Full Time,Head Office Manchester,Manchester,North West,32900,2.7,30/08/2023,,,,1,Female,26,White British,Bachelor's,5,3.8,59,7,5,22,Yes,Band C,Married
1200000205,Terence,White,Technology,BI & Data,1200000144,1200000125,1200000121,1200000009,BI Developer,Individual Contributor,Permanent,Full Time,Head Office Manchester,Manchester,North West,26300,0,13/12/2025,,,,1,Male,30,Black British,Master's,9,3,76,4,5,22,Yes,Band F,Married
1200000206,Norman,Stevens,Technology,BI & Data,1200000144,1200000125,1200000121,1200000009,Data Analyst,Individual Contributor,Permanent,Full Time,Head Office Manchester,Manchester,North West,31400,0,21/04/2023,,,,1,Male,21,White British,Master's,0,4.2,54,6,0,1,No,Band D,Single
1200000207,Gary,Wood,Technology,BI & Data,1200000144,1200000125,1200000121,1200000009,BI Developer,Individual Contributor,Permanent,Full Time,Head Office Manchester,Manchester,North West,36500,2.3,16/01/2026,,,,1,Male,19,White Other,Bachelor's,0,2.7,63,3,0,11,Yes,Band B,Married
1200000208,Mitchell,Allen,Technology,BI & Data,1200000144,1200000125,1200000121,1200000009,Data Analyst,Individual Contributor,Permanent,Full Time,Head Office London,London,London,34500,0,31/03/2025,,,,1,Male,32,White Other,Vocational/Apprenticeship,14,2.8,50,8,8,20,No,Band C,Single
1200000211,Adrian,McKenzie,Technology,BI & Data,1200000144,1200000125,1200000121,1200000009,Power BI Developer,Individual Contributor,Permanent,Full Time,Head Office Manchester,Manchester,North West,29900,0,03/06/2024,,,,1,Male,23,White British,Vocational/Apprenticeship,3,3,68,3,5,31,No,Band E,Single
1200000214,Dennis,Bates,Technology,BI & Data,1200000144,1200000125,1200000121,1200000009,Power BI Developer,Individual Contributor,Permanent,Full Time,Head Office London,London,London,37200,2.5,08/01/2022,,,,1,Male,24,White British,Bachelor's,6,2.9,68,3,0,21,Yes,Band B,Single
1200000216,Anthony,Slater,Technology,Infrastructure,1200000147,1200000127,1200000121,1200000009,Infrastructure Engineer,Individual Contributor,Permanent,Full Time,Head Office Manchester,Manchester,North West,32700,0,12/04/2024,16/04/2026,Voluntary,Personal reasons,0,Male,31,Other Ethnic Group,Vocational/Apprenticeship,9,4.3,78,5,4,29,Yes,Band C,Married
1200000219,Edward,Davison,Technology,Infrastructure,1200000147,1200000127,1200000121,1200000009,Systems Administrator,Individual Contributor,Permanent,Full Time,Head Office Manchester,Manchester,North West,26400,0,04/10/2023,,,,1,Male,25,White British,Bachelor's,6,3.1,83,3,0,40,No,Band F,Single
1200000220,Donald,Taylor,Technology,Infrastructure,1200000147,1200000127,1200000121,1200000009,Infrastructure Engineer,Individual Contributor,Permanent,Full Time,Head Office Manchester,Manchester,North West,30600,0.7,16/01/2026,,,,1,Male,26,White British,A-Level,5,3.7,89,4,13,9,No,Band D,Single
1200000223,Richard,Davies,Technology,Infrastructure,1200000147,1200000127,1200000121,1200000009,Infrastructure Engineer,Individual Contributor,Permanent,Full Time,Head Office London,London,London,31400,1.4,11/09/2023,,,,1,Male,26,Asian British,Bachelor's,8,4.2,79,2,13,6,Yes,Band D,Single
1200000225,Brandon,Gibson,Technology,Infrastructure,1200000147,1200000127,1200000121,1200000009,Infrastructure Engineer,Individual Contributor,Permanent,Full Time,Head Office Manchester,Manchester,North West,34000,0,25/05/2025,,,,1,Female,20,Other Ethnic Group,A-Level,0,3,63,5,8,24,No,Band C,Married
1200000226,Reece,Briggs,Technology,Infrastructure,1200000147,1200000127,1200000121,1200000009,Infrastructure Engineer,Individual Contributor,Permanent,Full Time,Head Office Manchester,Manchester,North West,32300,2.5,28/01/2022,,,,1,Male,29,White British,PhD,7,3.5,58,3,7,31,No,Band D,Divorced
1200000227,Alexander,Smith,Technology,Infrastructure,1200000147,1200000127,1200000121,1200000009,Infrastructure Engineer,Individual Contributor,Permanent,Full Time,Head Office Manchester,Manchester,North West,28000,0,04/04/2025,,,,1,Female,26,Black British,Bachelor's,6,3.3,73,5,8,23,No,Band E,Married
1200000229,Neil,Wilkinson,Technology,Infrastructure,1200000147,1200000127,1200000121,1200000009,Infrastructure Engineer,Individual Contributor,Permanent,Full Time,Head Office Manchester,Manchester,North West,35400,0.5,01/03/2023,,,,1,Male,24,White British,Master's,5,2.7,73,4,8,17,No,Band B,Single
1200000232,Brian,Oliver,Technology,Cyber Security,1200000149,1200000130,1200000121,1200000009,Cyber Security Analyst,Individual Contributor,Permanent,Full Time,Head Office Manchester,Manchester,North West,32400,0.1,19/04/2023,,,,1,Female,24,Asian British,Master's,2,3.8,73,6,3,6,No,Band C,Single
1200000235,Bradley,Hall,Technology,Cyber Security,1200000149,1200000130,1200000121,1200000009,Cyber Security Analyst,Individual Contributor,Permanent,Full Time,Head Office Manchester,Manchester,North West,33200,0,05/01/2025,,,,1,Male,27,White British,Bachelor's,6,3.5,68,6,5,7,No,Band C,Divorced
1200000238,Lisa,Williams,Technology,Cyber Security,1200000149,1200000130,1200000121,1200000009,Cyber Security Analyst,Individual Contributor,Permanent,Full Time,Head Office Manchester,Manchester,North West,27300,0,04/04/2025,,,,1,Male,23,White British,Bachelor's,2,3.5,72,3,0,33,No,Band E,Single
1200000241,Harriet,Gibson,Technology,Cyber Security,1200000149,1200000130,1200000121,1200000009,Cyber Security Analyst,Individual Contributor,Permanent,Full Time,Head Office Manchester,Manchester,North West,34100,2.6,20/08/2022,,,,1,Male,23,White British,Bachelor's,2,3.5,74,3,1,11,No,Band C,Married
1200000243,Victor,Watkins,Technology,Cyber Security,1200000149,1200000130,1200000121,1200000009,Cyber Security Analyst,Individual Contributor,Permanent,Full Time,Head Office Manchester,Manchester,North West,34400,0,13/12/2024,,,,1,Male,30,White British,Bachelor's,10,3.1,78,4,11,16,No,Band C,Single
1200000246,Thomas,Morgan,Technology,Cyber Security,1200000149,1200000130,1200000121,1200000009,Cyber Security Analyst,Individual Contributor,Permanent,Part Time,Head Office London,London,London,36300,2.3,12/05/2022,,,,1,Male,30,White British,PhD,12,2.4,84,0,8,12,No,Band B,Single
1200000248,Elaine,Thompson,Technology,Service Desk,1200000151,1200000133,1200000121,1200000009,Service Desk Analyst,Individual Contributor,Permanent,Full Time,Head Office Manchester,Manchester,North West,35600,1.5,24/06/2026,,,,1,Male,22,White British,Bachelor's,3,3,51,0,5,8,No,Band B,Married
1200000250,June,Jones,Technology,Service Desk,1200000151,1200000133,1200000121,1200000009,Service Desk Analyst,Individual Contributor,Permanent,Full Time,Head Office Manchester,Manchester,North West,31000,1.5,10/05/2025,,,,1,Male,28,White British,Master's,6,3.4,55,4,3,32,No,Band D,Married
1200000253,Marc,Poole,Technology,Service Desk,1200000151,1200000133,1200000121,1200000009,Service Desk Analyst,Individual Contributor,Permanent,Full Time,Head Office London,London,London,38000,0,23/06/2025,,,,1,Female,27,White British,PhD,5,2.8,81,2,1,32,No,Band B,Divorced
1200000256,Jake,Lamb,Technology,Service Desk,1200000151,1200000133,1200000121,1200000009,Service Desk Analyst,Individual Contributor,Permanent,Full Time,Head Office Manchester,Manchester,North West,25700,2.1,22/04/2024,,,,1,Male,25,White British,Bachelor's,6,4.4,55,3,4,20,No,Band F,Single
1200000259,Gordon,Pritchard,Technology,Service Desk,1200000151,1200000133,1200000121,1200000009,Service Desk Analyst,Individual Contributor,Permanent,Full Time,Head Office Manchester,Manchester,North West,31700,0,10/11/2023,,,,1,Male,26,White British,Vocational/Apprenticeship,4,2.9,81,2,10,29,No,Band D,Single
1200000260,Julian,Hussain,Technology,Service Desk,1200000151,1200000133,1200000121,1200000009,Service Desk Analyst,Individual Contributor,Fixed-Term,Full Time,Head Office London,London,London,34400,2.1,15/04/2024,,,,1,Male,23,White British,Master's,3,4.3,67,4,2,32,No,Band C,Single
1200000263,Damien,Andrews,Technology,QA,1200000154,1200000136,1200000121,1200000009,QA Engineer,Individual Contributor,Permanent,Full Time,Head Office Manchester,Manchester,North West,30200,0,19/03/2023,,,,1,Male,27,Mixed,Bachelor's,8,4.1,79,3,2,23,No,Band D,Married
1200000265,Ashleigh,Adams,Technology,QA,1200000154,1200000136,1200000121,1200000009,QA Engineer,Individual Contributor,Permanent,Full Time,Head Office Manchester,Manchester,North West,27100,1.8,26/03/2024,,,,1,Female,31,White British,Master's,12,3.3,53,10,9,19,No,Band E,Single
1200000266,Norman,Nash,Technology,QA,1200000154,1200000136,1200000121,1200000009,QA Engineer,Individual Contributor,Contractor,Full Time,Head Office Manchester,Manchester,North West,27900,2.8,20/08/2024,,,,1,Male,19,Asian British,Master's,0,3.5,51,6,8,21,No,Band E,Single
1200000267,Sean,Lloyd,Technology,QA,1200000154,1200000136,1200000121,1200000009,QA Engineer,Individual Contributor,Permanent,Part Time,Head Office Manchester,Manchester,North West,32400,0.5,12/10/2023,,,,1,Male,29,Black British,PhD,10,3.4,60,5,11,11,No,Band C,Single
1200000270,Matthew,Jackson,Technology,QA,1200000154,1200000136,1200000121,1200000009,QA Engineer,Individual Contributor,Permanent,Full Time,Head Office Manchester,Manchester,North West,36200,1.5,04/10/2024,,,,1,Male,24,Black British,A-Level,3,3,81,3,8,14,No,Band B,Married
1200000273,Kayleigh,Long,Marketing,Digital Marketing,1200000005,1200000004,,,Marketing Director,Director,Permanent,Full Time,Head Office London,London,London,145000,31.7,30/05/2018,,,,1,Male,49,White British,Master's,29,2.6,47,1,0,2,No,Band A,Single
1200000274,Sally,George,Marketing,Digital Marketing,1200000273,1200000005,1200000004,,Digital Marketing Manager,Senior Manager,Permanent,Full Time,Head Office London,London,London,97600,17.3,18/04/2021,,,,1,Female,32,White British,Bachelor's,13,3,64,6,0,19,No,Band A,Married
1200000277,Eileen,Jones,Marketing,CRM,1200000273,1200000005,1200000004,,CRM Manager,Senior Manager,Fixed-Term,Full Time,Head Office Manchester,Manchester,North West,72000,19.7,20/08/2024,,,,1,Male,38,White British,Bachelor's,19,4.2,62,5,0,9,No,Band A,Divorced
1200000279,Jasmine,Fraser,Marketing,SEO,1200000273,1200000005,1200000004,,SEO Manager,Senior Manager,Permanent,Full Time,Head Office Manchester,Manchester,North West,85700,16.1,04/04/2024,,,,1,Male,31,White Other,Master's,12,2.9,97,5,0,36,No,Band A,Single
1200000282,Kathryn,Francis,Marketing,Social Media,1200000273,1200000005,1200000004,,Social Media Manager,Senior Manager,Permanent,Full Time,Head Office Manchester,Manchester,North West,84600,18.7,17/07/2018,,,,1,Female,45,White British,Vocational/Apprenticeship,23,2.8,73,6,0,0,Yes,Band A,Married
1200000285,Colin,Rees,Marketing,Content,1200000273,1200000005,1200000004,,Content Manager,Senior Manager,Permanent,Full Time,Head Office Manchester,Manchester,North West,86000,15.6,05/12/2024,,,,1,Female,37,White British,A-Level,15,3.6,66,5,0,21,No,Band A,Married
1200000286,Joshua,Davies,Marketing,Digital Marketing,1200000274,1200000273,1200000005,1200000004,Digital Marketing Executive,Individual Contributor,Permanent,Part Time,Head Office Manchester,Manchester,North West,30900,0,04/03/2025,,,,1,Female,26,White British,PhD,8,3.4,76,4,2,17,No,Band D,Married
1200000287,Terence,Ahmed,Marketing,Digital Marketing,1200000274,1200000273,1200000005,1200000004,Digital Marketing Executive,Individual Contributor,Permanent,Full Time,Head Office Manchester,Manchester,North West,30300,2.8,20/06/2025,21/12/2025,Voluntary,Relocation,0,Female,32,White British,Bachelor's,12,2.8,82,1,2,18,No,Band D,Married
1200000290,Glen,Smith,Marketing,Digital Marketing,1200000274,1200000273,1200000005,1200000004,Digital Marketing Executive,Individual Contributor,Permanent,Full Time,Head Office Manchester,Manchester,North West,24400,1.4,29/11/2023,,,,1,Male,21,White British,Bachelor's,3,3.1,83,5,0,10,No,Band F,Single
1200000293,Joel,Thomas,Marketing,Digital Marketing,1200000274,1200000273,1200000005,1200000004,Digital Marketing Executive,Individual Contributor,Permanent,Full Time,Head Office Manchester,Manchester,North West,24300,0,15/11/2025,,,,1,Female,19,White British,Master's,0,5,78,3,8,7,No,Band F,Single
1200000295,Hannah,Burton,Marketing,Digital Marketing,1200000274,1200000273,1200000005,1200000004,Digital Marketing Executive,Individual Contributor,Permanent,Full Time,Head Office Manchester,Manchester,North West,26300,0.9,29/11/2025,,,,1,Female,25,Asian British,A-Level,7,3.1,73,3,0,24,No,Band F,Divorced
1200000296,Iain,Armstrong,Marketing,Digital Marketing,1200000274,1200000273,1200000005,1200000004,Digital Marketing Executive,Individual Contributor,Permanent,Full Time,Head Office Manchester,Manchester,North West,28900,0,17/01/2025,,,,1,Female,26,White British,Master's,5,2.6,73,7,3,10,No,Band E,Married
1200000298,Sally,Hudson,Marketing,CRM,1200000277,1200000273,1200000005,1200000004,CRM Executive,Individual Contributor,Permanent,Full Time,Head Office Manchester,Manchester,North West,31800,0,04/02/2025,,,,1,Male,24,White British,A-Level,2,4.1,79,5,6,31,Yes,Band D,Single
1200000301,Clare,Davies,Marketing,CRM,1200000277,1200000273,1200000005,1200000004,CRM Executive,Individual Contributor,Permanent,Full Time,Head Office London,London,London,31200,0,07/10/2023,,,,1,Female,25,White British,Bachelor's,5,2.8,73,7,0,12,No,Band D,Single
1200000304,Charles,Smith,Marketing,CRM,1200000277,1200000273,1200000005,1200000004,CRM Executive,Individual Contributor,Fixed-Term,Full Time,Head Office Manchester,Manchester,North West,33600,1.7,26/10/2024,,,,1,Female,18,White British,A-Level,0,3.1,74,8,2,27,No,Band C,Single
1200000305,Andrea,Clarke,Marketing,CRM,1200000277,1200000273,1200000005,1200000004,CRM Executive,Individual Contributor,Permanent,Full Time,Head Office Manchester,Manchester,North West,35400,0.6,13/01/2025,11/11/2025,Voluntary,Better opportunity,0,Female,32,Black British,Master's,13,3.6,67,5,11,16,No,Band B,Single
1200000307,Brandon,Hodgson,Marketing,CRM,1200000277,1200000273,1200000005,1200000004,CRM Executive,Individual Contributor,Permanent,Full Time,Head Office Manchester,Manchester,North West,35800,2.5,17/04/2026,,,,1,Female,26,Black British,Bachelor's,8,2.9,64,3,1,8,No,Band B,Single
1200000310,Charles,Murray,Marketing,CRM,1200000277,1200000273,1200000005,1200000004,CRM Executive,Individual Contributor,Permanent,Part Time,Head Office Manchester,Manchester,North West,26500,0,21/08/2022,,,,1,Female,31,White British,Master's,11,4.1,65,5,1,20,No,Band F,Single
1200000313,Alan,Bailey,Marketing,SEO,1200000279,1200000273,1200000005,1200000004,SEO Executive,Individual Contributor,Permanent,Full Time,Head Office Manchester,Manchester,North West,32600,0,15/01/2024,,,,1,Female,24,Asian British,Vocational/Apprenticeship,6,4,53,4,10,4,No,Band C,Married
1200000314,Graeme,Turner,Marketing,SEO,1200000279,1200000273,1200000005,1200000004,SEO Executive,Individual Contributor,Permanent,Full Time,Head Office Manchester,Manchester,North West,25000,2,30/04/2024,,,,1,Male,29,White British,Master's,9,3.7,81,3,4,29,No,Band F,Married
1200000317,Adam,Ford,Marketing,SEO,1200000279,1200000273,1200000005,1200000004,SEO Executive,Individual Contributor,Permanent,Full Time,Head Office Manchester,Manchester,North West,35400,2.4,01/04/2024,19/11/2024,Voluntary,Personal reasons,0,Male,22,Black British,Bachelor's,0,3.4,77,5,9,12,Yes,Band B,Single
1200000319,Bethany,Lowe,Marketing,SEO,1200000279,1200000273,1200000005,1200000004,SEO Executive,Individual Contributor,Permanent,Full Time,Head Office Manchester,Manchester,North West,31500,3,27/06/2023,,,,1,Female,22,White British,Master's,1,3,73,1,0,15,No,Band D,Single
1200000321,Gary,McDonald,Marketing,SEO,1200000279,1200000273,1200000005,1200000004,SEO Executive,Individual Contributor,Permanent,Full Time,Head Office Manchester,Manchester,North West,35500,0,02/04/2026,,,,1,Male,23,White British,Bachelor's,5,3.8,84,3,8,11,No,Band B,Single
1200000322,Janet,Shaw,Marketing,SEO,1200000279,1200000273,1200000005,1200000004,SEO Executive,Individual Contributor,Permanent,Full Time,Head Office Manchester,Manchester,North West,28400,0,01/02/2024,,,,1,Male,33,White British,Vocational/Apprenticeship,12,3.1,72,3,5,24,No,Band E,Married
1200000324,Sheila,Kirby,Marketing,Social Media,1200000282,1200000273,1200000005,1200000004,Social Media Executive,Individual Contributor,Permanent,Full Time,Head Office London,London,London,40000,1,11/06/2025,,,,1,Male,24,White Other,Bachelor's,3,4.4,67,7,0,18,No,Band B,Single
1200000326,Gerald,Lee,Marketing,Social Media,1200000282,1200000273,1200000005,1200000004,Social Media Executive,Individual Contributor,Contractor,Full Time,Head Office Manchester,Manchester,North West,34100,1.2,22/08/2025,,,,1,Male,19,White Other,Bachelor's,0,3.9,63,3,5,13,No,Band C,Single
1200000328,Lindsey,Stokes,Marketing,Social Media,1200000282,1200000273,1200000005,1200000004,Social Media Executive,Individual Contributor,Permanent,Full Time,Head Office Manchester,Manchester,North West,25400,0.9,24/03/2025,,,,1,Female,31,White British,Bachelor's,10,2.3,50,2,8,28,No,Band F,Single
1200000330,Jill,Hill,Marketing,Social Media,1200000282,1200000273,1200000005,1200000004,Social Media Executive,Individual Contributor,Permanent,Full Time,Head Office Manchester,Manchester,North West,31300,0,03/05/2023,,,,1,Male,20,White British,Bachelor's,0,3.6,61,3,2,17,No,Band D,Single
1200000331,Brett,Warren,Marketing,Social Media,1200000282,1200000273,1200000005,1200000004,Social Media Executive,Individual Contributor,Permanent,Part Time,Head Office London,London,London,33400,0,29/09/2022,,,,1,Male,24,White British,A-Level,2,2.6,83,6,2,13,No,Band C,Married
1200000332,Leanne,Begum,Marketing,Social Media,1200000282,1200000273,1200000005,1200000004,Social Media Executive,Individual Contributor,Permanent,Full Time,Head Office Manchester,Manchester,North West,28900,0,17/07/2024,,,,1,Female,21,White British,Bachelor's,1,3.1,68,3,0,16,No,Band E,Single
1200000334,Lee,Singh,Marketing,Content,1200000285,1200000273,1200000005,1200000004,Content Executive,Individual Contributor,Contractor,Full Time,Head Office London,London,London,34500,1,17/11/2024,,,,1,Male,25,White British,A-Level,3,3.4,56,1,12,25,No,Band C,Single
1200000337,Mary,Pritchard,Marketing,Content,1200000285,1200000273,1200000005,1200000004,Content Executive,Individual Contributor,Permanent,Full Time,Head Office Manchester,Manchester,North West,29200,0,16/08/2024,,,,1,Male,23,White British,Master's,2,3.9,55,0,4,1,No,Band E,Married
1200000340,Alexander,Cox,Marketing,Content,1200000285,1200000273,1200000005,1200000004,Content Executive,Individual Contributor,Permanent,Full Time,Head Office London,London,London,27900,1.4,08/12/2024,,,,1,Male,26,White British,Bachelor's,4,3.6,44,7,8,15,No,Band E,Married
1200000341,Ann,Sharpe,Marketing,Content,1200000285,1200000273,1200000005,1200000004,Content Executive,Individual Contributor,Permanent,Part Time,Head Office London,London,London,40700,1.1,30/04/2023,,,,1,Female,24,White British,Master's,5,3.7,46,6,0,6,No,Band B,Married
1200000343,Sylvia,Kelly,Marketing,Content,1200000285,1200000273,1200000005,1200000004,Content Executive,Individual Contributor,Permanent,Full Time,Head Office London,London,London,39300,0.3,17/12/2023,,,,1,Female,34,White British,Master's,12,3.2,90,2,12,29,No,Band B,Married
1200000345,Kerry,Martin,Marketing,Content,1200000285,1200000273,1200000005,1200000004,Content Executive,Individual Contributor,Permanent,Full Time,Head Office London,London,London,29200,0,04/02/2025,,,,1,Female,23,White British,Master's,5,3.1,98,2,1,23,No,Band E,Single
1200000348,Ellie,Davis,Customer Service,Contact Centre,1200000005,1200000004,,,Customer Service Director,Director,Permanent,Full Time,Contact Centre Sheffield,Sheffield,Yorkshire and the Humber,121600,26,23/06/2020,,,,1,Female,38,White British,Vocational/Apprenticeship,20,3.3,68,4,0,33,Yes,Band A,Married
1200000350,Howard,Jones,Customer Service,Contact Centre,1200000348,1200000005,1200000004,,Contact Centre Operations Manager,Manager,Permanent,Full Time,Contact Centre Sheffield,Sheffield,Yorkshire and the Humber,63600,10.5,08/03/2024,,,,1,Female,36,White Other,Master's,16,2.6,51,3,0,33,Yes,Band A,Single
1200000353,Margaret,Green,Customer Service,Complaints,1200000348,1200000005,1200000004,,Complaints Manager,Manager,Permanent,Full Time,Contact Centre Sheffield,Sheffield,Yorkshire and the Humber,53700,12.8,06/04/2020,,,,1,Female,41,White British,Bachelor's,19,3.2,54,4,0,9,No,Band A,Married
1200000356,Kirsty,Norton,Customer Service,Returns,1200000348,1200000005,1200000004,,Returns Manager,Manager,Permanent,Full Time,Contact Centre Sheffield,Sheffield,Yorkshire and the Humber,62100,11.9,22/06/2019,,,,1,Female,36,White British,Bachelor's,14,4.2,99,3,0,44,No,Band A,Single
1200000359,Daniel,Harper,Customer Service,Contact Centre,1200000350,1200000348,1200000005,1200000004,Team Leader,Team Leader,Permanent,Full Time,Contact Centre Sheffield,Sheffield,Yorkshire and the Humber,36400,5.4,19/01/2026,28/06/2026,Voluntary,Personal reasons,0,Female,30,White British,A-Level,8,4.6,76,5,0,14,No,Band B,Married
1200000362,Emily,Todd,Customer Service,Contact Centre,1200000350,1200000348,1200000005,1200000004,Team Leader,Team Leader,Permanent,Full Time,Contact Centre Sheffield,Sheffield,Yorkshire and the Humber,33900,4.2,28/09/2023,,,,1,Male,26,White British,Vocational/Apprenticeship,8,2.4,89,3,0,0,No,Band C,Single
1200000364,Holly,Wade,Customer Service,Contact Centre,1200000350,1200000348,1200000005,1200000004,Team Leader,Team Leader,Permanent,Full Time,Contact Centre Sheffield,Sheffield,Yorkshire and the Humber,32700,5,29/01/2022,,,,1,Female,36,White British,A-Level,14,3.3,79,3,0,18,No,Band C,Married
1200000365,Melissa,Fisher,Customer Service,Contact Centre,1200000350,1200000348,1200000005,1200000004,Team Leader,Team Leader,Permanent,Full Time,Contact Centre Sheffield,Sheffield,Yorkshire and the Humber,36700,5.7,20/06/2023,,,,1,Female,35,White British,Vocational/Apprenticeship,14,3.3,85,2,0,29,No,Band B,Single
1200000367,Allan,Moore,Customer Service,Contact Centre,1200000350,1200000348,1200000005,1200000004,Team Leader,Team Leader,Permanent,Full Time,Contact Centre Sheffield,Sheffield,Yorkshire and the Humber,39300,6,22/07/2025,,,,1,Male,26,White Other,A-Level,5,4.1,79,1,0,25,Yes,Band B,Single
1200000368,Victoria,Tucker,Customer Service,Contact Centre,1200000350,1200000348,1200000005,1200000004,Team Leader,Team Leader,Contractor,Full Time,Contact Centre Sheffield,Sheffield,Yorkshire and the Humber,37000,3.4,30/12/2023,,,,1,Female,33,Asian British,Vocational/Apprenticeship,14,3.1,88,4,0,25,No,Band B,Married
1200000369,Beth,Cooke,Customer Service,Contact Centre,1200000350,1200000348,1200000005,1200000004,Team Leader,Team Leader,Permanent,Full Time,Contact Centre Sheffield,Sheffield,Yorkshire and the Humber,39600,5.8,06/04/2025,,,,1,Female,23,Asian British,Vocational/Apprenticeship,4,3.6,70,4,0,18,No,Band B,Single
1200000372,Teresa,Fowler,Customer Service,Complaints,1200000353,1200000348,1200000005,1200000004,Team Leader,Team Leader,Permanent,Part Time,Contact Centre Sheffield,Sheffield,Yorkshire and the Humber,39400,4.1,14/03/2025,,,,1,Female,28,Asian British,Bachelor's,8,3.5,49,5,0,10,No,Band B,Divorced
1200000374,Sheila,Jackson,Customer Service,Complaints,1200000353,1200000348,1200000005,1200000004,Team Leader,Team Leader,Permanent,Full Time,Contact Centre Sheffield,Sheffield,Yorkshire and the Humber,32400,5.8,20/01/2022,,,,1,Female,27,Asian British,Vocational/Apprenticeship,8,3.5,75,4,0,39,No,Band C,Single
1200000377,Anne,Sykes,Customer Service,Returns,1200000356,1200000348,1200000005,1200000004,Team Leader,Team Leader,Permanent,Full Time,Contact Centre Sheffield,Sheffield,Yorkshire and the Humber,38400,6,16/11/2025,,,,1,Female,32,White British,Vocational/Apprenticeship,11,3.2,83,5,0,23,No,Band B,Married
1200000379,Nicola,Brookes,Customer Service,Returns,1200000356,1200000348,1200000005,1200000004,Team Leader,Team Leader,Permanent,Full Time,Contact Centre Sheffield,Sheffield,Yorkshire and the Humber,38800,4.6,12/03/2026,,,,1,Female,33,Mixed,Vocational/Apprenticeship,15,3.1,72,2,0,26,No,Band B,Married
1200000382,Nicola,Sutton,Customer Service,Contact Centre,1200000359,1200000350,1200000348,1200000005,Customer Service Advisor,Individual Contributor,Fixed-Term,Full Time,Contact Centre Sheffield,Sheffield,Yorkshire and the Humber,24300,0,21/05/2025,,,,1,Female,18,Asian British,Bachelor's,0,3,65,6,33,17,Yes,Band F,Married
1200000384,Stuart,Richardson,Customer Service,Contact Centre,1200000362,1200000350,1200000348,1200000005,Customer Service Advisor,Individual Contributor,Permanent,Full Time,Contact Centre Sheffield,Sheffield,Yorkshire and the Humber,30100,1.9,22/09/2023,,,,1,Male,25,White British,Master's,7,4.1,79,6,7,24,No,Band E,Single
1200000386,Brett,Webb,Customer Service,Contact Centre,1200000364,1200000350,1200000348,1200000005,Customer Service Advisor,Individual Contributor,Permanent,Full Time,Contact Centre Sheffield,Sheffield,Yorkshire and the Humber,35100,0,24/08/2023,,,,1,Male,28,White British,Bachelor's,6,3.4,51,3,0,13,No,Band B,Married
1200000387,Leonard,Young,Customer Service,Contact Centre,1200000365,1200000350,1200000348,1200000005,Customer Service Advisor,Individual Contributor,Permanent,Full Time,Contact Centre Sheffield,Sheffield,Yorkshire and the Humber,30300,2.3,15/09/2022,,,,1,Male,26,White British,PhD,7,3.8,86,4,18,30,Yes,Band D,Single
1200000388,Dennis,Simpson,Customer Service,Contact Centre,1200000367,1200000350,1200000348,1200000005,Customer Service Advisor,Individual Contributor,Permanent,Full Time,Contact Centre Sheffield,Sheffield,Yorkshire and the Humber,35200,0.7,03/07/2022,,,,1,Female,25,Asian British,Bachelor's,3,4.5,74,2,17,18,Yes,Band B,Married
1200000389,Ann,Bennett,Customer Service,Contact Centre,1200000368,1200000350,1200000348,1200000005,Customer Service Advisor,Individual Contributor,Permanent,Full Time,Contact Centre Sheffield,Sheffield,Yorkshire and the Humber,33800,1.8,06/07/2024,,,,1,Male,20,White Other,Master's,0,2.8,68,4,5,23,No,Band C,Divorced
1200000390,Terence,Taylor,Customer Service,Contact Centre,1200000369,1200000350,1200000348,1200000005,Customer Service Advisor,Individual Contributor,Contractor,Part Time,Contact Centre Sheffield,Sheffield,Yorkshire and the Humber,30300,0,23/06/2023,,,,1,Female,32,White British,Master's,11,4.2,73,2,43,24,No,Band D,Single
1200000393,Louise,Wallace,Customer Service,Contact Centre,1200000359,1200000350,1200000348,1200000005,Customer Service Advisor,Individual Contributor,Permanent,Part Time,Contact Centre Sheffield,Sheffield,Yorkshire and the Humber,25200,0,03/09/2024,20/01/2026,Voluntary,Career progression,0,Female,26,White British,Bachelor's,5,3.1,54,0,0,27,Yes,Band F,Single
1200000395,Laura,Gardner,Customer Service,Contact Centre,1200000362,1200000350,1200000348,1200000005,Customer Service Advisor,Individual Contributor,Permanent,Full Time,Contact Centre Sheffield,Sheffield,Yorkshire and the Humber,26500,0,03/08/2024,,,,1,Male,29,White British,Master's,7,2.5,60,1,18,1,No,Band F,Married
1200000397,Mohammed,Gill,Customer Service,Contact Centre,1200000364,1200000350,1200000348,1200000005,Customer Service Advisor,Individual Contributor,Permanent,Full Time,Contact Centre Sheffield,Sheffield,Yorkshire and the Humber,25400,0.3,24/08/2025,,,,1,Female,19,White British,Bachelor's,0,3.5,75,3,14,14,No,Band F,Single
1200000398,Chelsea,Roberts,Customer Service,Contact Centre,1200000365,1200000350,1200000348,1200000005,Customer Service Advisor,Individual Contributor,Permanent,Full Time,Contact Centre Sheffield,Sheffield,Yorkshire and the Humber,35800,0,11/09/2023,,,,1,Female,27,White British,A-Level,5,3.8,87,5,34,17,No,Band B,Single
1200000400,Catherine,Phillips,Customer Service,Contact Centre,1200000367,1200000350,1200000348,1200000005,Customer Service Advisor,Individual Contributor,Permanent,Full Time,Contact Centre Sheffield,Sheffield,Yorkshire and the Humber,32100,1.1,22/01/2025,,,,1,Female,25,White British,Master's,7,3,100,3,50,18,No,Band D,Married
1200000401,Diana,Griffiths,Customer Service,Contact Centre,1200000368,1200000350,1200000348,1200000005,Customer Service Advisor,Individual Contributor,Permanent,Part Time,Contact Centre Sheffield,Sheffield,Yorkshire and the Humber,31700,0,10/07/2024,,,,1,Male,19,Black British,Bachelor's,1,2.2,93,1,0,15,No,Band D,Divorced
1200000403,Jack,Taylor,Customer Service,Contact Centre,1200000369,1200000350,1200000348,1200000005,Customer Service Advisor,Individual Contributor,Permanent,Part Time,Contact Centre Sheffield,Sheffield,Yorkshire and the Humber,33400,0,31/05/2025,,,,1,Female,24,White British,Vocational/Apprenticeship,6,2.5,78,3,26,18,No,Band C,Single
1200000405,Natalie,Ryan,Customer Service,Contact Centre,1200000359,1200000350,1200000348,1200000005,Customer Service Advisor,Individual Contributor,Permanent,Full Time,Contact Centre Sheffield,Sheffield,Yorkshire and the Humber,33100,1.1,22/07/2025,,,,1,Female,23,White British,A-Level,5,3.9,53,5,1,24,No,Band C,Single
1200000408,Fiona,Stone,Customer Service,Contact Centre,1200000362,1200000350,1200000348,1200000005,Customer Service Advisor,Individual Contributor,Permanent,Full Time,Contact Centre Sheffield,Sheffield,Yorkshire and the Humber,30700,0,09/03/2023,,,,1,Female,23,White British,Master's,5,3.2,71,3,31,16,No,Band D,Widowed
1200000411,Geoffrey,Wilson,Customer Service,Contact Centre,1200000364,1200000350,1200000348,1200000005,Customer Service Advisor,Individual Contributor,Permanent,Full Time,Contact Centre Sheffield,Sheffield,Yorkshire and the Humber,26300,0.3,08/11/2025,,,,1,Female,25,Black British,Vocational/Apprenticeship,7,2.4,86,5,20,8,No,Band F,Single
1200000414,Lydia,O'Connor,Customer Service,Contact Centre,1200000365,1200000350,1200000348,1200000005,Customer Service Advisor,Individual Contributor,Permanent,Full Time,Contact Centre Sheffield,Sheffield,Yorkshire and the Humber,25000,2.9,10/06/2025,,,,1,Female,22,White British,Bachelor's,0,4.7,50,7,18,33,No,Band F,Single
1200000415,Maria,White,Customer Service,Contact Centre,1200000367,1200000350,1200000348,1200000005,Customer Service Advisor,Individual Contributor,Permanent,Part Time,Contact Centre Sheffield,Sheffield,Yorkshire and the Humber,25800,0,06/01/2026,,,,1,Male,20,White British,Master's,0,4,66,1,0,19,No,Band F,Single
1200000417,Joshua,Morgan,Customer Service,Contact Centre,1200000368,1200000350,1200000348,1200000005,Customer Service Advisor,Individual Contributor,Permanent,Full Time,Contact Centre Sheffield,Sheffield,Yorkshire and the Humber,35500,0.1,05/06/2024,,,,1,Female,20,Asian British,Bachelor's,0,3.9,88,4,30,0,Yes,Band B,Married
1200000418,Bradley,Parsons,Customer Service,Contact Centre,1200000369,1200000350,1200000348,1200000005,Customer Service Advisor,Individual Contributor,Permanent,Part Time,Contact Centre Sheffield,Sheffield,Yorkshire and the Humber,33000,0,19/08/2024,,,,1,Male,26,White British,A-Level,4,4.2,83,6,31,15,Yes,Band C,Married
1200000420,Conor,Matthews,Customer Service,Contact Centre,1200000359,1200000350,1200000348,1200000005,Customer Service Advisor,Individual Contributor,Fixed-Term,Full Time,Contact Centre Sheffield,Sheffield,Yorkshire and the Humber,33600,0,06/11/2025,,,,1,Male,26,Asian British,Bachelor's,4,3.6,60,5,29,2,Yes,Band C,Single
1200000422,Sara,Fry,Customer Service,Contact Centre,1200000362,1200000350,1200000348,1200000005,Customer Service Advisor,Individual Contributor,Permanent,Part Time,Contact Centre Sheffield,Sheffield,Yorkshire and the Humber,33400,2.2,24/06/2022,,,,1,Male,27,White British,Bachelor's,8,4.7,100,10,11,23,No,Band C,Married
1200000423,Lauren,Clark,Customer Service,Contact Centre,1200000364,1200000350,1200000348,1200000005,Customer Service Advisor,Individual Contributor,Permanent,Full Time,Contact Centre Sheffield,Sheffield,Yorkshire and the Humber,34600,0,13/02/2026,,,,1,Male,29,White British,Master's,10,4.1,71,4,30,17,Yes,Band C,Single
1200000426,Danielle,Carpenter,Customer Service,Contact Centre,1200000365,1200000350,1200000348,1200000005,Customer Service Advisor,Individual Contributor,Permanent,Full Time,Contact Centre Sheffield,Sheffield,Yorkshire and the Humber,32900,1,30/09/2024,23/06/2026,Voluntary,Relocation,0,Female,25,White British,Bachelor's,4,3.8,97,5,20,6,No,Band C,Single
1200000428,Wayne,Thomas,Customer Service,Contact Centre,1200000367,1200000350,1200000348,1200000005,Customer Service Advisor,Individual Contributor,Fixed-Term,Full Time,Contact Centre Sheffield,Sheffield,Yorkshire and the Humber,26600,0,03/01/2026,,,,1,Female,32,White British,Bachelor's,13,3.9,87,2,49,14,No,Band F,Married
1200000429,Joel,Williams,Customer Service,Contact Centre,1200000368,1200000350,1200000348,1200000005,Customer Service Advisor,Individual Contributor,Permanent,Full Time,Contact Centre Sheffield,Sheffield,Yorkshire and the Humber,33700,0,11/06/2023,,,,1,Male,30,White British,Vocational/Apprenticeship,10,2.8,50,3,36,12,No,Band C,Married
1200000430,Charles,Williams,Customer Service,Contact Centre,1200000369,1200000350,1200000348,1200000005,Customer Service Advisor,Individual Contributor,Permanent,Part Time,Contact Centre Sheffield,Sheffield,Yorkshire and the Humber,24300,0,31/01/2026,,,,1,Male,23,Black British,Bachelor's,4,3.4,74,5,27,8,Yes,Band F,Single
1200000433,Conor,Clark,Customer Service,Contact Centre,1200000359,1200000350,1200000348,1200000005,Customer Service Advisor,Individual Contributor,Permanent,Full Time,Contact Centre Sheffield,Sheffield,Yorkshire and the Humber,30000,1.1,29/08/2024,,,,1,Female,19,Black British,Bachelor's,0,3.5,68,5,6,17,Yes,Band E,Single
1200000435,Carly,Bates,Customer Service,Contact Centre,1200000362,1200000350,1200000348,1200000005,Customer Service Advisor,Individual Contributor,Permanent,Full Time,Contact Centre Sheffield,Sheffield,Yorkshire and the Humber,29800,0,17/03/2026,,,,1,Female,22,White British,Bachelor's,0,2.7,61,3,22,34,No,Band E,Single
1200000438,Gemma,Walters,Customer Service,Contact Centre,1200000364,1200000350,1200000348,1200000005,Customer Service Advisor,Individual Contributor,Permanent,Full Time,Contact Centre Sheffield,Sheffield,Yorkshire and the Humber,27600,0.3,12/02/2024,,,,1,Male,29,White British,Bachelor's,7,4.1,56,4,6,15,Yes,Band E,Single
1200000440,Susan,Reynolds,Customer Service,Contact Centre,1200000365,1200000350,1200000348,1200000005,Customer Service Advisor,Individual Contributor,Permanent,Full Time,Contact Centre Sheffield,Sheffield,Yorkshire and the Humber,28200,2.2,04/01/2025,,,,1,Male,28,White British,Bachelor's,8,4.2,72,5,16,9,No,Band E,Married
1200000441,Sara,Holmes,Customer Service,Contact Centre,1200000367,1200000350,1200000348,1200000005,Customer Service Advisor,Individual Contributor,Permanent,Full Time,Contact Centre Sheffield,Sheffield,Yorkshire and the Humber,26700,2.4,27/08/2024,,,,1,Female,33,White British,Bachelor's,14,4,95,0,12,35,No,Band F,Single
1200000444,Hollie,Chapman,Customer Service,Contact Centre,1200000368,1200000350,1200000348,1200000005,Customer Service Advisor,Individual Contributor,Permanent,Full Time,Contact Centre Sheffield,Sheffield,Yorkshire and the Humber,34100,2.1,19/10/2023,10/01/2024,Involuntary,Dismissal,0,Female,21,White British,Master's,0,2.9,76,1,16,10,No,Band C,Married
1200000446,Alexandra,Rees,Customer Service,Contact Centre,1200000369,1200000350,1200000348,1200000005,Customer Service Advisor,Individual Contributor,Permanent,Full Time,Contact Centre Sheffield,Sheffield,Yorkshire and the Humber,34800,0,21/12/2025,,,,1,Female,31,White British,Bachelor's,11,3.3,63,9,23,10,No,Band B,Married
1200000448,Charlene,Wall,Customer Service,Contact Centre,1200000359,1200000350,1200000348,1200000005,Customer Service Advisor,Individual Contributor,Permanent,Full Time,Contact Centre Sheffield,Sheffield,Yorkshire and the Humber,27300,0,02/09/2024,,,,1,Female,31,White British,Master's,10,4,60,7,0,37,No,Band E,Married
1200000451,Dorothy,Sinclair,Customer Service,Contact Centre,1200000362,1200000350,1200000348,1200000005,Customer Service Advisor,Individual Contributor,Permanent,Full Time,Contact Centre Sheffield,Sheffield,Yorkshire and the Humber,27000,0,20/02/2025,21/05/2025,Voluntary,Relocation,0,Male,31,White British,Bachelor's,10,2.4,72,3,0,13,Yes,Band E,Married
1200000454,Benjamin,Peters,Customer Service,Contact Centre,1200000364,1200000350,1200000348,1200000005,Customer Service Advisor,Individual Contributor,Permanent,Full Time,Contact Centre Sheffield,Sheffield,Yorkshire and the Humber,30800,1.8,09/06/2022,,,,1,Female,23,White British,A-Level,1,3.2,83,3,25,7,No,Band D,Single
1200000455,Leanne,O'Sullivan,Customer Service,Contact Centre,1200000365,1200000350,1200000348,1200000005,Customer Service Advisor,Individual Contributor,Permanent,Full Time,Contact Centre Sheffield,Sheffield,Yorkshire and the Humber,33400,2.4,02/05/2023,,,,1,Female,30,White British,Master's,8,3.8,78,5,28,15,Yes,Band C,Married
1200000456,Charlene,Miles,Customer Service,Contact Centre,1200000367,1200000350,1200000348,1200000005,Customer Service Advisor,Individual Contributor,Permanent,Full Time,Contact Centre Sheffield,Sheffield,Yorkshire and the Humber,34300,0,30/05/2024,,,,1,Male,22,White British,Bachelor's,3,3.5,84,6,27,7,No,Band C,Single
1200000459,Nicole,Harrison,Customer Service,Contact Centre,1200000368,1200000350,1200000348,1200000005,Customer Service Advisor,Individual Contributor,Contractor,Full Time,Contact Centre Sheffield,Sheffield,Yorkshire and the Humber,32600,0.3,11/07/2024,,,,1,Female,22,White British,Master's,0,4.1,68,2,26,42,No,Band C,Single
1200000462,Julia,Clarke,Customer Service,Contact Centre,1200000369,1200000350,1200000348,1200000005,Customer Service Advisor,Individual Contributor,Permanent,Full Time,Contact Centre Sheffield,Sheffield,Yorkshire and the Humber,34700,1.8,21/12/2023,,,,1,Female,26,White British,Bachelor's,5,3.1,86,5,51,0,Yes,Band C,Divorced
1200000464,Anna,King,Customer Service,Contact Centre,1200000359,1200000350,1200000348,1200000005,Customer Service Advisor,Individual Contributor,Permanent,Full Time,Contact Centre Sheffield,Sheffield,Yorkshire and the Humber,30100,0,23/12/2024,,,,1,Female,20,Asian British,Bachelor's,0,4.8,59,3,23,26,No,Band E,Single
1200000467,Karl,Davies,Customer Service,Contact Centre,1200000362,1200000350,1200000348,1200000005,Customer Service Advisor,Individual Contributor,Permanent,Part Time,Contact Centre Sheffield,Sheffield,Yorkshire and the Humber,33900,0.6,25/09/2021,28/06/2026,Voluntary,Retirement,0,Female,27,White British,A-Level,6,3.7,100,3,3,20,No,Band C,Married
1200000470,Nicholas,Richards,Customer Service,Contact Centre,1200000364,1200000350,1200000348,1200000005,Customer Service Advisor,Individual Contributor,Permanent,Full Time,Contact Centre Sheffield,Sheffield,Yorkshire and the Humber,24500,0,07/02/2023,,,,1,Female,25,Asian British,Bachelor's,3,3.7,87,5,10,30,Yes,Band F,Single
1200000472,Derek,Stevenson,Customer Service,Contact Centre,1200000365,1200000350,1200000348,1200000005,Customer Service Advisor,Individual Contributor,Permanent,Full Time,Contact Centre Sheffield,Sheffield,Yorkshire and the Humber,28000,0,01/12/2024,,,,1,Female,27,White British,Bachelor's,9,4.1,63,6,23,5,No,Band E,Married
1200000475,Susan,Rogers,Customer Service,Contact Centre,1200000367,1200000350,1200000348,1200000005,Customer Service Advisor,Individual Contributor,Permanent,Full Time,Contact Centre Sheffield,Sheffield,Yorkshire and the Humber,26700,2.3,31/10/2025,,,,1,Male,19,White British,Bachelor's,1,2.2,90,0,34,24,No,Band F,Married
1200000476,Kelly,Sykes,Customer Service,Contact Centre,1200000368,1200000350,1200000348,1200000005,Customer Service Advisor,Individual Contributor,Permanent,Part Time,Contact Centre Sheffield,Sheffield,Yorkshire and the Humber,28100,2.8,16/11/2025,,,,1,Female,25,White British,Master's,6,4.4,78,6,41,10,No,Band E,Married
1200000478,Gregory,Jenkins,Customer Service,Contact Centre,1200000369,1200000350,1200000348,1200000005,Customer Service Advisor,Individual Contributor,Permanent,Full Time,Contact Centre Sheffield,Sheffield,Yorkshire and the Humber,25700,0,30/03/2024,,,,1,Female,30,Other Ethnic Group,Vocational/Apprenticeship,8,3.8,79,5,41,8,No,Band F,Married
1200000480,Georgia,Hall,Customer Service,Contact Centre,1200000359,1200000350,1200000348,1200000005,Customer Service Advisor,Individual Contributor,Permanent,Full Time,Contact Centre Sheffield,Sheffield,Yorkshire and the Humber,28300,2.9,29/06/2022,,,,1,Male,26,White British,Bachelor's,6,3,83,2,17,8,No,Band E,Married
1200000483,Melissa,Davies,Customer Service,Contact Centre,1200000362,1200000350,1200000348,1200000005,Customer Service Advisor,Individual Contributor,Permanent,Full Time,Contact Centre Sheffield,Sheffield,Yorkshire and the Humber,30900,2.2,24/11/2023,,,,1,Male,27,White British,PhD,7,3.9,56,4,33,7,No,Band D,Married
1200000484,Kathryn,Jones,Customer Service,Contact Centre,1200000364,1200000350,1200000348,1200000005,Customer Service Advisor,Individual Contributor,Fixed-Term,Part Time,Contact Centre Sheffield,Sheffield,Yorkshire and the Humber,25600,2.2,24/06/2024,,,,1,Female,27,White Other,Master's,7,2.8,81,1,31,8,No,Band F,Married
1200000487,Graham,Slater,Customer Service,Contact Centre,1200000365,1200000350,1200000348,1200000005,Customer Service Advisor,Individual Contributor,Permanent,Full Time,Contact Centre Sheffield,Sheffield,Yorkshire and the Humber,28300,1.4,19/05/2023,,,,1,Female,27,White British,Bachelor's,7,2.6,54,9,37,29,No,Band E,Married
1200000490,Jean,Lewis,Customer Service,Contact Centre,1200000367,1200000350,1200000348,1200000005,Customer Service Advisor,Individual Contributor,Fixed-Term,Full Time,Contact Centre Sheffield,Sheffield,Yorkshire and the Humber,26500,0,02/10/2024,,,,1,Female,24,White British,Bachelor's,6,3.4,89,4,11,24,No,Band F,Single
1200000492,Ellie,Bibi,Customer Service,Contact Centre,1200000368,1200000350,1200000348,1200000005,Customer Service Advisor,Individual Contributor,Permanent,Part Time,Contact Centre Sheffield,Sheffield,Yorkshire and the Humber,24100,0.6,16/01/2024,,,,1,Male,22,White Other,Master's,4,4.7,75,6,35,25,No,Band F,Single
1200000494,Joanne,Summers,Customer Service,Contact Centre,1200000369,1200000350,1200000348,1200000005,Customer Service Advisor,Individual Contributor,Permanent,Full Time,Contact Centre Sheffield,Sheffield,Yorkshire and the Humber,24600,2.2,11/09/2024,,,,1,Female,27,Mixed,Vocational/Apprenticeship,9,2.2,87,3,28,29,No,Band F,Divorced
1200000496,Terence,Davies,Customer Service,Contact Centre,1200000359,1200000350,1200000348,1200000005,Customer Service Advisor,Individual Contributor,Permanent,Full Time,Contact Centre Sheffield,Sheffield,Yorkshire and the Humber,33600,0,28/09/2024,,,,1,Male,21,White British,Bachelor's,0,3.5,53,3,33,14,No,Band C,Single
1200000497,Jade,Forster,Customer Service,Complaints,1200000372,1200000353,1200000348,1200000005,Senior Advisor,Senior Individual Contributor,Permanent,Full Time,Contact Centre Sheffield,Sheffield,Yorkshire and the Humber,43400,7.7,20/06/2022,31/12/2025,Voluntary,Better opportunity,0,Male,35,Black British,Bachelor's,16,3.7,79,7,11,1,No,Band A,Married
1200000500,Liam,Jennings,Customer Service,Complaints,1200000374,1200000353,1200000348,1200000005,Senior Advisor,Senior Individual Contributor,Permanent,Full Time,Contact Centre Sheffield,Sheffield,Yorkshire and the Humber,55500,6.1,24/02/2025,,,,1,Female,26,White British,Bachelor's,6,4.4,60,7,3,9,Yes,Band A,Married
1200000501,Lesley,Robinson,Customer Service,Complaints,1200000372,1200000353,1200000348,1200000005,Senior Advisor,Senior Individual Contributor,Permanent,Full Time,Contact Centre Sheffield,Sheffield,Yorkshire and the Humber,58700,3,20/09/2023,,,,1,Female,32,White British,Bachelor's,13,4,88,2,3,15,No,Band A,Divorced
1200000504,Irene,Baker,Customer Service,Complaints,1200000374,1200000353,1200000348,1200000005,Senior Advisor,Senior Individual Contributor,Permanent,Full Time,Contact Centre Sheffield,Sheffield,Yorkshire and the Humber,44500,6,23/12/2024,,,,1,Male,24,White Other,A-Level,3,3.1,65,3,2,17,No,Band A,Divorced
1200000505,Deborah,Murphy,Customer Service,Complaints,1200000372,1200000353,1200000348,1200000005,Senior Advisor,Senior Individual Contributor,Permanent,Part Time,Contact Centre Sheffield,Sheffield,Yorkshire and the Humber,38100,3.1,18/06/2023,28/07/2025,Voluntary,Personal reasons,0,Female,34,White British,Bachelor's,15,4.1,65,3,1,23,No,Band B,Single
1200000508,Vanessa,Allen,Customer Service,Complaints,1200000374,1200000353,1200000348,1200000005,Senior Advisor,Senior Individual Contributor,Permanent,Full Time,Contact Centre Sheffield,Sheffield,Yorkshire and the Humber,39600,3.5,24/08/2025,,,,1,Male,28,White British,Bachelor's,7,3.3,71,4,0,6,No,Band B,Single
1200000509,Geraldine,Cooper,Customer Service,Complaints,1200000372,1200000353,1200000348,1200000005,Senior Advisor,Senior Individual Contributor,Permanent,Full Time,Contact Centre Sheffield,Sheffield,Yorkshire and the Humber,49700,7.5,30/06/2024,,,,1,Male,27,Mixed,Bachelor's,7,2.4,45,3,1,23,No,Band A,Single
1200000511,Suzanne,Smith,Customer Service,Complaints,1200000374,1200000353,1200000348,1200000005,Senior Advisor,Senior Individual Contributor,Contractor,Full Time,Contact Centre Sheffield,Sheffield,Yorkshire and the Humber,59300,7.4,21/04/2023,,,,1,Male,34,White British,Bachelor's,13,3.7,89,6,4,30,No,Band A,Married
1200000513,Jill,Holmes,Customer Service,Complaints,1200000372,1200000353,1200000348,1200000005,Senior Advisor,Senior Individual Contributor,Permanent,Part Time,Contact Centre Sheffield,Sheffield,Yorkshire and the Humber,58000,4.9,10/06/2024,,,,1,Female,37,White British,Bachelor's,18,4.1,93,3,2,37,No,Band A,Single
1200000514,Michelle,Marsh,Customer Service,Complaints,1200000374,1200000353,1200000348,1200000005,Senior Advisor,Senior Individual Contributor,Permanent,Full Time,Contact Centre Sheffield,Sheffield,Yorkshire and the Humber,46600,6.3,05/11/2021,,,,1,Female,33,White British,A-Level,15,3.9,92,2,0,8,No,Band A,Married
1200000517,Natalie,Jarvis,Customer Service,Complaints,1200000372,1200000353,1200000348,1200000005,Senior Advisor,Senior Individual Contributor,Permanent,Part Time,Contact Centre Sheffield,Sheffield,Yorkshire and the Humber,53800,4.7,09/01/2025,,,,1,Female,27,White British,Bachelor's,8,4,72,3,6,19,No,Band A,Single
1200000518,Geraldine,Weston,Customer Service,Complaints,1200000374,1200000353,1200000348,1200000005,Senior Advisor,Senior Individual Contributor,Permanent,Full Time,Contact Centre Sheffield,Sheffield,Yorkshire and the Humber,40500,6.8,13/03/2025,10/04/2026,Voluntary,Retirement,0,Female,33,White British,Bachelor's,14,3.8,62,3,0,20,No,Band B,Single
1200000519,Jessica,Bevan,Customer Service,Complaints,1200000372,1200000353,1200000348,1200000005,Senior Advisor,Senior Individual Contributor,Permanent,Full Time,Contact Centre Sheffield,Sheffield,Yorkshire and the Humber,40900,7.3,23/07/2023,,,,1,Female,41,White British,Bachelor's,20,3.8,61,2,2,8,No,Band B,Divorced
1200000520,Helen,Murphy,Customer Service,Returns,1200000377,1200000356,1200000348,1200000005,Customer Service Advisor,Individual Contributor,Fixed-Term,Full Time,Contact Centre Sheffield,Sheffield,Yorkshire and the Humber,34400,0,17/04/2025,,,,1,Female,33,White British,Bachelor's,11,4,63,7,26,19,No,Band C,Married
1200000522,Kate,King,Customer Service,Returns,1200000379,1200000356,1200000348,1200000005,Customer Service Advisor,Individual Contributor,Permanent,Part Time,Contact Centre Sheffield,Sheffield,Yorkshire and the Humber,35700,2.1,13/05/2026,30/07/2026,Voluntary,Career progression,0,Female,29,White British,A-Level,8,4,42,2,45,2,No,Band B,Married
1200000523,Heather,Wright,Customer Service,Returns,1200000377,1200000356,1200000348,1200000005,Customer Service Advisor,Individual Contributor,Permanent,Part Time,Contact Centre Sheffield,Sheffield,Yorkshire and the Humber,25800,0,23/06/2024,,,,1,Female,26,White British,Bachelor's,5,3.7,60,4,11,10,No,Band F,Single
1200000525,Ross,Osborne,Customer Service,Returns,1200000379,1200000356,1200000348,1200000005,Customer Service Advisor,Individual Contributor,Permanent,Full Time,Contact Centre Sheffield,Sheffield,Yorkshire and the Humber,31400,1.8,07/05/2024,,,,1,Male,32,White British,Vocational/Apprenticeship,14,3.6,73,3,39,18,Yes,Band D,Divorced
1200000526,Tina,Pugh,Customer Service,Returns,1200000377,1200000356,1200000348,1200000005,Customer Service Advisor,Individual Contributor,Permanent,Full Time,Contact Centre Sheffield,Sheffield,Yorkshire and the Humber,30300,1.8,27/10/2024,,,,1,Female,20,White British,Vocational/Apprenticeship,2,2.6,84,6,13,27,No,Band D,Married
1200000528,Harriet,Williams,Customer Service,Returns,1200000379,1200000356,1200000348,1200000005,Customer Service Advisor,Individual Contributor,Permanent,Part Time,Contact Centre Sheffield,Sheffield,Yorkshire and the Humber,30800,2.7,18/11/2022,,,,1,Female,27,White British,A-Level,8,3.4,60,5,1,7,No,Band D,Single
1200000531,Jason,Reid,Customer Service,Returns,1200000377,1200000356,1200000348,1200000005,Customer Service Advisor,Individual Contributor,Permanent,Part Time,Contact Centre Sheffield,Sheffield,Yorkshire and the Humber,32300,1.9,28/04/2024,,,,1,Male,24,White British,A-Level,5,1.7,100,6,14,8,No,Band D,Single
1200000533,Jenna,Power,Customer Service,Returns,1200000379,1200000356,1200000348,1200000005,Customer Service Advisor,Individual Contributor,Permanent,Full Time,Contact Centre Sheffield,Sheffield,Yorkshire and the Humber,30200,0,30/07/2022,,,,1,Female,28,White British,Bachelor's,10,3.9,60,4,10,20,No,Band D,Married
1200000536,Catherine,Gray,Customer Service,Returns,1200000377,1200000356,1200000348,1200000005,Customer Service Advisor,Individual Contributor,Permanent,Full Time,Contact Centre Sheffield,Sheffield,Yorkshire and the Humber,29900,0.3,23/04/2021,07/01/2022,Voluntary,Better opportunity,0,Female,28,Asian British,A-Level,10,3.5,55,4,16,23,No,Band E,Married
1200000537,Valerie,Miller,Customer Service,Returns,1200000379,1200000356,1200000348,1200000005,Customer Service Advisor,Individual Contributor,Permanent,Full Time,Contact Centre Sheffield,Sheffield,Yorkshire and the Humber,33000,0,21/06/2025,,,,1,Female,26,White Other,Bachelor's,6,4,48,0,5,22,No,Band C,Single
1200000540,Amber,Jones,Procurement,Buying,1200000005,1200000004,,,Procurement Director,Director,Permanent,Full Time,Head Office Manchester,Manchester,North West,119400,26.8,12/03/2019,,,,1,Female,39,White British,Bachelor's,19,4.9,74,2,0,11,No,Band A,Divorced
1200000542,Trevor,Robertson,Procurement,Buying,1200000540,1200000005,1200000004,,Buying Manager,Manager,Fixed-Term,Full Time,Head Office London,London,London,64200,10,21/03/2025,,,,1,Female,27,White British,Vocational/Apprenticeship,5,3.7,69,6,0,19,Yes,Band A,Single
1200000545,Lisa,Edwards,Procurement,Supplier Management,1200000540,1200000005,1200000004,,Supplier Management Manager,Manager,Permanent,Full Time,Head Office London,London,London,62900,14.8,29/08/2024,,,,1,Male,38,White British,A-Level,16,2.7,45,6,0,28,No,Band A,Single
1200000548,Elaine,Dixon,Procurement,Buying,1200000542,1200000540,1200000005,1200000004,Buyer,Individual Contributor,Permanent,Full Time,Head Office Manchester,Manchester,North West,35000,0,20/06/2023,,,,1,Female,27,White British,Master's,9,4.2,65,5,5,22,No,Band B,Married
1200000549,Sam,Lawrence,Procurement,Buying,1200000542,1200000540,1200000005,1200000004,Buyer,Individual Contributor,Permanent,Full Time,Head Office Manchester,Manchester,North West,32500,1.1,10/03/2025,,,,1,Male,27,Asian British,Bachelor's,9,3.8,58,4,5,8,Yes,Band C,Single
1200000550,Hannah,Khan,Procurement,Buying,1200000542,1200000540,1200000005,1200000004,Buyer,Individual Contributor,Permanent,Full Time,Head Office Manchester,Manchester,North West,24100,0.6,03/10/2024,,,,1,Female,33,White British,Bachelor's,11,2.2,88,5,0,0,No,Band F,Married
1200000551,Megan,Cooper,Procurement,Buying,1200000542,1200000540,1200000005,1200000004,Buyer,Individual Contributor,Permanent,Full Time,Head Office London,London,London,40700,0,07/05/2024,,,,1,Female,20,White British,Bachelor's,0,3.3,67,2,0,21,No,Band B,Single
1200000553,Ann,Cole,Procurement,Buying,1200000542,1200000540,1200000005,1200000004,Buyer,Individual Contributor,Permanent,Full Time,Head Office Manchester,Manchester,North West,29200,0,29/09/2024,,,,1,Male,30,White British,Master's,9,3.9,92,5,0,19,No,Band E,Married
1200000554,Charlotte,Allan,Procurement,Buying,1200000542,1200000540,1200000005,1200000004,Buyer,Individual Contributor,Permanent,Full Time,Head Office Manchester,Manchester,North West,35200,0,19/06/2021,,,,1,Male,29,White British,A-Level,9,2.8,81,4,1,17,No,Band B,Single
1200000555,Roger,Freeman,Procurement,Buying,1200000542,1200000540,1200000005,1200000004,Buyer,Individual Contributor,Permanent,Full Time,Head Office London,London,London,39200,0,09/01/2025,,,,1,Male,27,White British,Vocational/Apprenticeship,7,2.8,70,3,7,34,No,Band B,Married
1200000558,Lynne,Farmer,Procurement,Buying,1200000542,1200000540,1200000005,1200000004,Buyer,Individual Contributor,Permanent,Full Time,Head Office Manchester,Manchester,North West,33800,0,21/10/2023,,,,1,Male,18,White British,Bachelor's,0,2.8,78,2,0,32,No,Band C,Married
1200000560,Anna,McCarthy,Procurement,Supplier Management,1200000545,1200000540,1200000005,1200000004,Supplier Manager Analyst,Individual Contributor,Permanent,Full Time,Head Office Manchester,Manchester,North West,33000,1.6,30/12/2024,,,,1,Male,23,White British,Bachelor's,5,3,56,1,6,14,Yes,Band C,Single
1200000563,Iain,Harding,Procurement,Supplier Management,1200000545,1200000540,1200000005,1200000004,Supplier Manager Analyst,Individual Contributor,Permanent,Full Time,Head Office Manchester,Manchester,North West,25100,1,27/01/2025,,,,1,Female,20,White British,Master's,0,3.9,73,1,0,16,No,Band F,Single
1200000565,Claire,Baxter,Procurement,Supplier Management,1200000545,1200000540,1200000005,1200000004,Supplier Manager Analyst,Individual Contributor,Permanent,Full Time,Head Office Manchester,Manchester,North West,35700,1.3,26/06/2024,,,,1,Male,24,Asian British,Bachelor's,5,3.5,76,5,3,11,No,Band B,Single
1200000567,Carly,Palmer,Procurement,Supplier Management,1200000545,1200000540,1200000005,1200000004,Supplier Manager Analyst,Individual Contributor,Permanent,Full Time,Head Office Manchester,Manchester,North West,28600,0.4,31/10/2024,,,,1,Female,23,White British,Bachelor's,5,3.8,80,3,0,24,No,Band E,Single
1200000570,Sarah,Hewitt,Procurement,Supplier Management,1200000545,1200000540,1200000005,1200000004,Supplier Manager Analyst,Individual Contributor,Permanent,Full Time,Head Office Manchester,Manchester,North West,33700,0,25/12/2021,,,,1,Male,33,White British,Bachelor's,12,3.3,81,4,0,13,No,Band C,Single
1200000571,Kieran,Mitchell,Procurement,Supplier Management,1200000545,1200000540,1200000005,1200000004,Supplier Manager Analyst,Individual Contributor,Contractor,Part Time,Head Office Manchester,Manchester,North West,31600,0.3,22/12/2025,,,,1,Female,27,White British,Bachelor's,8,3,70,5,1,7,No,Band D,Married
1200000572,Anna,Powell,Procurement,Supplier Management,1200000545,1200000540,1200000005,1200000004,Supplier Manager Analyst,Individual Contributor,Permanent,Full Time,Head Office Manchester,Manchester,North West,34800,0.4,02/10/2025,,,,1,Male,22,White Other,Vocational/Apprenticeship,0,2.8,85,3,7,6,Yes,Band B,Single
1200000575,Abdul,Roberts,Legal,Commercial,1200000004,,,,General Counsel,Director,Permanent,Full Time,Head Office Manchester,Manchester,North West,120800,34.2,09/09/2021,,,,1,Male,46,Asian British,Bachelor's,25,4.2,66,4,0,25,No,Band A,Single
1200000577,Natalie,Jones,Legal,Commercial,1200000575,1200000004,,,Commercial Legal Manager,Senior Manager,Permanent,Full Time,Head Office Manchester,Manchester,North West,91400,17.6,12/07/2021,,,,1,Female,40,White British,Vocational/Apprenticeship,19,4.1,79,2,0,8,Yes,Band A,Divorced
1200000579,Barry,Williams,Legal,Compliance,1200000575,1200000004,,,Compliance Manager,Senior Manager,Permanent,Full Time,Head Office London,London,London,98500,21.2,14/01/2025,,,,1,Female,37,White British,Bachelor's,19,3.3,84,6,0,22,No,Band A,Single
1200000581,Lauren,McCarthy,Legal,Commercial,1200000577,1200000575,1200000004,,Commercial Legal Advisor,Individual Contributor,Permanent,Full Time,Head Office Manchester,Manchester,North West,35100,0.6,02/11/2022,,,,1,Female,30,White British,A-Level,9,3.9,53,2,5,8,Yes,Band B,Married
1200000584,Albert,Davies,Legal,Commercial,1200000577,1200000575,1200000004,,Commercial Legal Advisor,Individual Contributor,Permanent,Full Time,Head Office Manchester,Manchester,North West,26700,0,15/12/2025,,,,1,Male,26,White British,Vocational/Apprenticeship,8,3.2,43,0,2,14,No,Band F,Married
1200000585,Nicole,Wood,Legal,Commercial,1200000577,1200000575,1200000004,,Commercial Legal Advisor,Individual Contributor,Permanent,Full Time,Head Office Manchester,Manchester,North West,27600,1.8,10/04/2024,,,,1,Female,28,White Other,A-Level,9,3.2,59,4,4,46,No,Band E,Married
1200000588,Joan,Bell,Legal,Commercial,1200000577,1200000575,1200000004,,Commercial Legal Advisor,Individual Contributor,Permanent,Full Time,Head Office Manchester,Manchester,North West,26200,0,25/10/2023,,,,1,Female,24,White British,A-Level,3,3.1,98,6,5,9,No,Band F,Single
1200000591,Dorothy,Wilkinson,Legal,Compliance,1200000579,1200000575,1200000004,,Compliance Analyst,Individual Contributor,Permanent,Full Time,Head Office Manchester,Manchester,North West,34800,0,12/11/2025,,,,1,Female,18,White British,A-Level,0,4.5,59,3,11,20,No,Band B,Single
1200000592,Dominic,Wright,Legal,Compliance,1200000579,1200000575,1200000004,,Compliance Analyst,Individual Contributor,Permanent,Full Time,Head Office London,London,London,34500,0,13/12/2024,,,,1,Female,24,Asian British,Vocational/Apprenticeship,3,3.1,59,1,12,29,No,Band C,Single
1200000593,Joyce,Payne,Legal,Compliance,1200000579,1200000575,1200000004,,Compliance Analyst,Individual Contributor,Permanent,Full Time,Head Office Manchester,Manchester,North West,32900,0.6,18/11/2024,,,,1,Female,20,White British,A-Level,0,5,41,3,9,11,No,Band C,Single
1200000594,Danny,Rowe,Warehouse,Inventory,1200000005,1200000004,,,Warehouse Director,Director,Permanent,Full Time,Leeds DC,Leeds,Yorkshire and the Humber,107100,33.5,12/04/2023,,,,1,Male,45,White British,Bachelor's,25,3.7,89,5,0,21,No,Band A,Married
1200000597,Dale,Clayton,Warehouse,Inventory,1200000594,1200000005,1200000004,,Warehouse Manager,Senior Manager,Permanent,Full Time,Birmingham DC,Birmingham,West Midlands,85900,16.8,05/02/2021,,,,1,Male,39,White British,Bachelor's,17,4.2,86,6,0,13,No,Band A,Single
1200000600,Callum,Lamb,Warehouse,Inventory,1200000594,1200000005,1200000004,,Warehouse Manager,Senior Manager,Permanent,Full Time,Doncaster DC,Doncaster,Yorkshire and the Humber,83100,20.5,12/11/2025,,,,1,Female,27,Asian British,Master's,6,3.7,100,2,0,11,No,Band A,Single
1200000601,Bethany,Murphy,Warehouse,Inventory,1200000594,1200000005,1200000004,,Warehouse Manager,Senior Manager,Fixed-Term,Full Time,Leeds DC,Leeds,Yorkshire and the Humber,72100,16.8,14/06/2021,,,,1,Male,42,White British,Master's,24,4.2,78,2,0,9,No,Band A,Married
1200000604,Leslie,Carter,Warehouse,Inventory,1200000594,1200000005,1200000004,,Warehouse Manager,Senior Manager,Permanent,Full Time,Rugby DC,Rugby,West Midlands,84400,15.1,25/11/2025,,,,1,Male,38,Asian British,Vocational/Apprenticeship,17,3.8,64,5,0,39,No,Band A,Single
1200000606,Karl,White,Warehouse,Goods In,1200000597,1200000594,1200000005,1200000004,Warehouse Supervisor,Manager,Permanent,Full Time,Birmingham DC,Birmingham,West Midlands,57000,13.9,07/02/2024,,,,1,Male,26,White British,Bachelor's,8,4.2,55,5,0,20,No,Band A,Single
1200000609,Rhys,Smith,Warehouse,Picking,1200000597,1200000594,1200000005,1200000004,Warehouse Supervisor,Manager,Permanent,Full Time,Birmingham DC,Birmingham,West Midlands,57100,11.1,17/09/2024,,,,1,Female,35,Mixed,Master's,15,3.4,54,5,0,18,No,Band A,Married
1200000611,Simon,Jones,Warehouse,Packing,1200000597,1200000594,1200000005,1200000004,Warehouse Supervisor,Manager,Permanent,Full Time,Birmingham DC,Birmingham,West Midlands,65600,14.1,03/11/2024,,,,1,Female,40,White British,Master's,20,4.7,61,5,0,42,No,Band A,Divorced
1200000614,Mathew,Barnett,Warehouse,Inventory,1200000597,1200000594,1200000005,1200000004,Warehouse Supervisor,Manager,Permanent,Full Time,Birmingham DC,Birmingham,West Midlands,50200,11.9,22/01/2022,,,,1,Female,34,White Other,Bachelor's,14,2.9,56,2,0,14,No,Band A,Married
1200000616,Clive,Wilson,Warehouse,Dispatch,1200000597,1200000594,1200000005,1200000004,Warehouse Supervisor,Manager,Permanent,Full Time,Birmingham DC,Birmingham,West Midlands,50500,12.8,04/11/2021,,,,1,Male,31,White British,Bachelor's,11,4.2,64,4,0,10,No,Band A,Single
1200000617,Janet,Porter,Warehouse,Returns,1200000597,1200000594,1200000005,1200000004,Warehouse Supervisor,Manager,Permanent,Full Time,Birmingham DC,Birmingham,West Midlands,54600,14.2,05/08/2025,,,,1,Female,28,Asian British,Bachelor's,9,2.7,88,4,0,21,No,Band A,Married
1200000620,Gail,Thomas,Warehouse,Goods In,1200000600,1200000594,1200000005,1200000004,Warehouse Supervisor,Manager,Permanent,Part Time,Doncaster DC,Doncaster,Yorkshire and the Humber,58300,12.5,02/03/2023,,,,1,Female,35,Other Ethnic Group,Vocational/Apprenticeship,13,3.8,36,6,0,12,No,Band A,Married
1200000623,Stephen,Wells,Warehouse,Picking,1200000600,1200000594,1200000005,1200000004,Warehouse Supervisor,Manager,Permanent,Full Time,Doncaster DC,Doncaster,Yorkshire and the Humber,65700,10.2,09/04/2024,,,,1,Male,36,White British,A-Level,15,3,73,4,0,12,No,Band A,Married
1200000624,Oliver,Bryant,Warehouse,Packing,1200000600,1200000594,1200000005,1200000004,Warehouse Supervisor,Manager,Permanent,Part Time,Doncaster DC,Doncaster,Yorkshire and the Humber,58700,11.8,30/05/2023,,,,1,Male,36,Asian British,Bachelor's,18,3.7,91,8,0,29,No,Band A,Single
1200000626,Graeme,Wyatt,Warehouse,Inventory,1200000600,1200000594,1200000005,1200000004,Warehouse Supervisor,Manager,Permanent,Full Time,Doncaster DC,Doncaster,Yorkshire and the Humber,61100,11.4,23/11/2020,,,,1,Male,41,White British,Bachelor's,21,3.1,50,3,0,19,No,Band A,Single
1200000628,Philip,Jones,Warehouse,Dispatch,1200000600,1200000594,1200000005,1200000004,Warehouse Supervisor,Manager,Permanent,Full Time,Doncaster DC,Doncaster,Yorkshire and the Humber,48300,10.9,25/11/2023,,,,1,Male,38,White British,PhD,17,3.7,37,4,0,34,No,Band A,Married
1200000631,Kevin,Moore,Warehouse,Returns,1200000600,1200000594,1200000005,1200000004,Warehouse Supervisor,Manager,Permanent,Full Time,Doncaster DC,Doncaster,Yorkshire and the Humber,55100,14.1,07/06/2021,,,,1,Male,30,White British,Master's,12,3.5,74,4,0,4,No,Band A,Married
1200000632,Raymond,Hall,Warehouse,Goods In,1200000601,1200000594,1200000005,1200000004,Warehouse Supervisor,Manager,Permanent,Full Time,Leeds DC,Leeds,Yorkshire and the Humber,66900,12.9,28/12/2025,,,,1,Male,37,White British,Bachelor's,18,3.7,73,3,0,6,No,Band A,Single
1200000634,Pamela,Perkins,Warehouse,Picking,1200000601,1200000594,1200000005,1200000004,Warehouse Supervisor,Manager,Permanent,Full Time,Leeds DC,Leeds,Yorkshire and the Humber,69000,14,12/06/2020,,,,1,Male,37,White British,Master's,18,3.5,73,4,0,23,No,Band A,Married
1200000636,Jake,Butler,Warehouse,Packing,1200000601,1200000594,1200000005,1200000004,Warehouse Supervisor,Manager,Permanent,Full Time,Leeds DC,Leeds,Yorkshire and the Humber,69100,12,05/01/2022,,,,1,Male,40,Asian British,A-Level,18,4,71,2,0,23,No,Band A,Divorced
1200000637,Kevin,Hobbs,Warehouse,Inventory,1200000601,1200000594,1200000005,1200000004,Warehouse Supervisor,Manager,Permanent,Full Time,Leeds DC,Leeds,Yorkshire and the Humber,54900,10.8,20/08/2023,,,,1,Male,30,White British,Bachelor's,12,2.7,63,6,0,28,No,Band A,Divorced
1200000640,Jonathan,Arnold,Warehouse,Dispatch,1200000601,1200000594,1200000005,1200000004,Warehouse Supervisor,Manager,Permanent,Full Time,Leeds DC,Leeds,Yorkshire and the Humber,55500,11.2,27/03/2025,,,,1,Male,37,White British,Master's,17,3.8,37,4,0,31,Yes,Band A,Divorced
1200000642,Michelle,Whitehead,Warehouse,Returns,1200000601,1200000594,1200000005,1200000004,Warehouse Supervisor,Manager,Permanent,Full Time,Leeds DC,Leeds,Yorkshire and the Humber,62600,10.7,16/05/2023,,,,1,Female,36,Black British,Master's,14,2.9,55,5,0,20,No,Band A,Single
1200000644,Denise,Allen,Warehouse,Goods In,1200000604,1200000594,1200000005,1200000004,Warehouse Supervisor,Manager,Permanent,Full Time,Rugby DC,Rugby,West Midlands,58100,11.8,14/10/2020,,,,1,Male,40,White British,Bachelor's,19,3.9,96,5,0,36,Yes,Band A,Married
1200000645,Roy,Frost,Warehouse,Picking,1200000604,1200000594,1200000005,1200000004,Warehouse Supervisor,Manager,Permanent,Full Time,Rugby DC,Rugby,West Midlands,48300,13.8,12/03/2024,,,,1,Male,35,White Other,Master's,15,3.5,72,3,0,14,No,Band A,Single
1200000648,Nigel,Wallis,Warehouse,Packing,1200000604,1200000594,1200000005,1200000004,Warehouse Supervisor,Manager,Permanent,Full Time,Rugby DC,Rugby,West Midlands,56600,10.4,09/05/2024,09/12/2025,Voluntary,Better opportunity,0,Female,34,White British,Master's,15,3.5,72,2,0,20,No,Band A,Divorced
1200000651,Leigh,Burke,Warehouse,Inventory,1200000604,1200000594,1200000005,1200000004,Warehouse Supervisor,Manager,Permanent,Full Time,Rugby DC,Rugby,West Midlands,54000,10.7,08/11/2023,,,,1,Female,32,White British,Master's,14,3.2,54,2,0,20,No,Band A,Married
1200000654,Adrian,Warner,Warehouse,Dispatch,1200000604,1200000594,1200000005,1200000004,Warehouse Supervisor,Manager,Permanent,Full Time,Rugby DC,Rugby,West Midlands,52100,13.6,27/10/2019,,,,1,Male,32,White Other,Bachelor's,12,3.1,74,1,0,3,No,Band A,Married
1200000656,Kathleen,Baker,Warehouse,Returns,1200000604,1200000594,1200000005,1200000004,Warehouse Supervisor,Manager,Permanent,Full Time,Rugby DC,Rugby,West Midlands,52800,10.3,24/08/2024,,,,1,Male,26,White Other,Bachelor's,8,3.3,90,2,0,29,No,Band A,Single
1200000659,Abbie,Nelson,Warehouse,Goods In,1200000606,1200000597,1200000594,1200000005,Warehouse Team Leader,Team Leader,Permanent,Full Time,Birmingham DC,Birmingham,West Midlands,30500,3.8,28/06/2020,,,,1,Male,41,White Other,GCSE,22,2.9,86,2,78,22,No,Band D,Single
1200000660,Kim,Gill,Warehouse,Goods In,1200000606,1200000597,1200000594,1200000005,Warehouse Team Leader,Team Leader,Permanent,Full Time,Birmingham DC,Birmingham,West Midlands,32000,4,04/08/2024,,,,1,Male,25,White British,GCSE,3,2.8,82,4,91,19,No,Band D,Married
1200000662,Kyle,Kent,Warehouse,Picking,1200000609,1200000597,1200000594,1200000005,Warehouse Team Leader,Team Leader,Permanent,Full Time,Birmingham DC,Birmingham,West Midlands,32000,4.6,28/10/2024,,,,1,Male,35,White British,Bachelor's,13,2.9,68,5,165,8,No,Band D,Married
1200000663,Joyce,Middleton,Warehouse,Packing,1200000611,1200000597,1200000594,1200000005,Warehouse Team Leader,Team Leader,Permanent,Full Time,Birmingham DC,Birmingham,West Midlands,40200,3.2,12/09/2025,,,,1,Male,25,White British,GCSE,5,3.9,63,7,70,16,No,Band B,Single
1200000664,Tina,Miah,Warehouse,Inventory,1200000614,1200000597,1200000594,1200000005,Warehouse Team Leader,Team Leader,Permanent,Full Time,Birmingham DC,Birmingham,West Midlands,30600,4.9,27/06/2025,,,,1,Male,27,White British,GCSE,7,3.7,74,5,95,21,No,Band D,Married
1200000666,Thomas,Baker,Warehouse,Inventory,1200000614,1200000597,1200000594,1200000005,Warehouse Team Leader,Team Leader,Permanent,Full Time,Birmingham DC,Birmingham,West Midlands,31100,5.1,19/07/2021,15/11/2024,Voluntary,Career progression,0,Male,38,White British,Vocational/Apprenticeship,19,3.3,61,6,122,13,No,Band D,Married
1200000669,Grace,Webb,Warehouse,Dispatch,1200000616,1200000597,1200000594,1200000005,Warehouse Team Leader,Team Leader,Permanent,Full Time,Birmingham DC,Birmingham,West Midlands,35300,5.9,02/12/2022,,,,1,Female,39,White British,A-Level,20,3.8,66,1,81,36,No,Band B,Single
1200000672,Jeremy,Woods,Warehouse,Returns,1200000617,1200000597,1200000594,1200000005,Warehouse Team Leader,Team Leader,Permanent,Full Time,Birmingham DC,Birmingham,West Midlands,30700,6.3,23/05/2025,,,,1,Male,26,White British,Vocational/Apprenticeship,8,2.7,74,7,108,27,No,Band D,Single
1200000675,Bernard,Goddard,Warehouse,Goods In,1200000620,1200000600,1200000594,1200000005,Warehouse Team Leader,Team Leader,Fixed-Term,Full Time,Doncaster DC,Doncaster,Yorkshire and the Humber,39900,5.9,27/12/2025,27/03/2026,Voluntary,Career progression,0,Male,22,White British,Bachelor's,3,3.4,59,4,53,9,No,Band B,Single
1200000676,Marion,Noble,Warehouse,Goods In,1200000620,1200000600,1200000594,1200000005,Warehouse Team Leader,Team Leader,Permanent,Full Time,Doncaster DC,Doncaster,Yorkshire and the Humber,41600,3.2,17/09/2024,01/11/2025,Voluntary,Personal reasons,0,Male,35,White British,A-Level,15,3.8,72,4,90,28,No,Band B,Single
1200000677,Elliot,Arnold,Warehouse,Picking,1200000623,1200000600,1200000594,1200000005,Warehouse Team Leader,Team Leader,Permanent,Full Time,Doncaster DC,Doncaster,Yorkshire and the Humber,40800,4,01/09/2025,,,,1,Male,24,White British,GCSE,2,3.6,64,4,109,28,No,Band B,Single
1200000679,Barry,Richards,Warehouse,Packing,1200000624,1200000600,1200000594,1200000005,Warehouse Team Leader,Team Leader,Fixed-Term,Part Time,Doncaster DC,Doncaster,Yorkshire and the Humber,36600,5,15/04/2023,,,,1,Female,26,White British,A-Level,4,2.3,74,5,75,4,No,Band B,Married
1200000682,Max,Russell,Warehouse,Inventory,1200000626,1200000600,1200000594,1200000005,Warehouse Team Leader,Team Leader,Permanent,Part Time,Doncaster DC,Doncaster,Yorkshire and the Humber,33900,5.3,26/06/2025,,,,1,Male,34,White British,Vocational/Apprenticeship,12,3.7,74,3,147,3,No,Band C,Single
1200000683,Joan,Williams,Warehouse,Inventory,1200000626,1200000600,1200000594,1200000005,Warehouse Team Leader,Team Leader,Permanent,Full Time,Doncaster DC,Doncaster,Yorkshire and the Humber,38500,3.5,01/04/2025,,,,1,Female,29,Asian British,GCSE,11,4.3,65,6,81,33,No,Band B,Single
1200000685,Bryan,Phillips,Warehouse,Dispatch,1200000628,1200000600,1200000594,1200000005,Warehouse Team Leader,Team Leader,Permanent,Full Time,Doncaster DC,Doncaster,Yorkshire and the Humber,39500,4,17/07/2024,24/11/2024,Involuntary,Dismissal,0,Male,26,White British,A-Level,6,3.6,49,5,33,12,No,Band B,Single
1200000686,Lesley,Holden,Warehouse,Returns,1200000631,1200000600,1200000594,1200000005,Warehouse Team Leader,Team Leader,Permanent,Part Time,Doncaster DC,Doncaster,Yorkshire and the Humber,39800,5.6,16/07/2025,,,,1,Male,36,White British,Vocational/Apprenticeship,18,2.9,60,1,99,4,No,Band B,Married
1200000687,Samuel,White,Warehouse,Goods In,1200000632,1200000601,1200000594,1200000005,Warehouse Team Leader,Team Leader,Permanent,Full Time,Leeds DC,Leeds,Yorkshire and the Humber,40400,6.1,21/04/2023,,,,1,Female,30,White British,A-Level,12,3.5,84,3,47,7,Yes,Band B,Single
1200000690,Eric,Smith,Warehouse,Goods In,1200000632,1200000601,1200000594,1200000005,Warehouse Team Leader,Team Leader,Permanent,Full Time,Leeds DC,Leeds,Yorkshire and the Humber,39400,5,10/02/2025,,,,1,Female,30,White British,GCSE,8,3,76,2,97,31,No,Band B,Single
1200000692,Dale,Pearce,Warehouse,Picking,1200000634,1200000601,1200000594,1200000005,Warehouse Team Leader,Team Leader,Permanent,Full Time,Leeds DC,Leeds,Yorkshire and the Humber,37900,5.2,16/01/2023,,,,1,Male,36,White British,Vocational/Apprenticeship,17,3.5,67,7,34,1,No,Band B,Single
1200000694,Albert,Lamb,Warehouse,Packing,1200000636,1200000601,1200000594,1200000005,Warehouse Team Leader,Team Leader,Permanent,Full Time,Leeds DC,Leeds,Yorkshire and the Humber,41000,4.7,18/10/2025,,,,1,Male,29,White British,GCSE,11,3.5,44,5,39,0,No,Band B,Single
1200000696,Stephen,Hughes,Warehouse,Inventory,1200000637,1200000601,1200000594,1200000005,Warehouse Team Leader,Team Leader,Fixed-Term,Part Time,Leeds DC,Leeds,Yorkshire and the Humber,32600,6,05/09/2024,,,,1,Male,25,Asian British,GCSE,5,3.3,75,5,137,22,Yes,Band C,Single
1200000699,Ben,Clayton,Warehouse,Inventory,1200000637,1200000601,1200000594,1200000005,Warehouse Team Leader,Team Leader,Permanent,Full Time,Leeds DC,Leeds,Yorkshire and the Humber,30400,4.3,12/01/2024,,,,1,Female,29,White Other,GCSE,8,2.9,66,4,58,7,No,Band D,Married
1200000702,Kenneth,Evans,Warehouse,Dispatch,1200000640,1200000601,1200000594,1200000005,Warehouse Team Leader,Team Leader,Fixed-Term,Full Time,Leeds DC,Leeds,Yorkshire and the Humber,34700,3.8,30/03/2024,,,,1,Male,27,White British,GCSE,9,3.2,79,3,76,26,No,Band C,Married
1200000703,Danielle,Cook,Warehouse,Returns,1200000642,1200000601,1200000594,1200000005,Warehouse Team Leader,Team Leader,Permanent,Full Time,Leeds DC,Leeds,Yorkshire and the Humber,36200,5,03/01/2026,,,,1,Male,33,White British,Bachelor's,14,3.1,52,1,68,15,No,Band B,Single
1200000706,Joel,Harrison,Warehouse,Goods In,1200000644,1200000604,1200000594,1200000005,Warehouse Team Leader,Team Leader,Contractor,Full Time,Rugby DC,Rugby,West Midlands,30300,4.4,23/07/2025,,,,1,Male,31,White British,Vocational/Apprenticeship,12,3.9,60,5,80,23,No,Band D,Single
1200000708,Ashley,Humphreys,Warehouse,Goods In,1200000644,1200000604,1200000594,1200000005,Warehouse Team Leader,Team Leader,Permanent,Part Time,Rugby DC,Rugby,West Midlands,33700,3.6,29/11/2021,,,,1,Female,28,Asian British,Vocational/Apprenticeship,8,3.9,93,2,28,16,Yes,Band C,Divorced
1200000709,Garry,Wells,Warehouse,Picking,1200000645,1200000604,1200000594,1200000005,Warehouse Team Leader,Team Leader,Permanent,Full Time,Rugby DC,Rugby,West Midlands,37400,5.2,15/01/2024,,,,1,Male,30,White British,GCSE,10,3.5,79,7,74,28,No,Band B,Married
1200000710,Luke,Smith,Warehouse,Packing,1200000648,1200000604,1200000594,1200000005,Warehouse Team Leader,Team Leader,Permanent,Full Time,Rugby DC,Rugby,West Midlands,31100,5.2,29/03/2023,,,,1,Male,33,Black British,GCSE,13,3.2,70,6,101,34,No,Band D,Married
1200000713,Dennis,Jones,Warehouse,Inventory,1200000651,1200000604,1200000594,1200000005,Warehouse Team Leader,Team Leader,Permanent,Full Time,Rugby DC,Rugby,West Midlands,33100,3.4,17/04/2024,,,,1,Female,34,White British,Vocational/Apprenticeship,15,3,35,5,120,6,No,Band C,Married
1200000714,Trevor,Marshall,Warehouse,Inventory,1200000651,1200000604,1200000594,1200000005,Warehouse Team Leader,Team Leader,Permanent,Full Time,Rugby DC,Rugby,West Midlands,32200,5,17/12/2024,,,,1,Male,26,White British,Vocational/Apprenticeship,5,4.4,81,5,130,12,No,Band D,Married
1200000715,Brandon,Ellis,Warehouse,Dispatch,1200000654,1200000604,1200000594,1200000005,Warehouse Team Leader,Team Leader,Fixed-Term,Part Time,Rugby DC,Rugby,West Midlands,33600,6,22/04/2026,,,,1,Male,22,Other Ethnic Group,Vocational/Apprenticeship,2,4,66,3,41,15,Yes,Band C,Single
1200000716,Rosemary,James,Warehouse,Returns,1200000656,1200000604,1200000594,1200000005,Warehouse Team Leader,Team Leader,Permanent,Full Time,Rugby DC,Rugby,West Midlands,36200,5.9,02/03/2025,,,,1,Male,33,White British,Bachelor's,11,3.9,45,8,65,21,No,Band B,Single
1200000717,Jordan,Harris,Warehouse,Goods In,1200000659,1200000606,1200000597,1200000594,Warehouse Operative,Individual Contributor,Permanent,Full Time,Birmingham DC,Birmingham,West Midlands,30500,0.1,13/03/2022,10/06/2025,Voluntary,Career progression,0,Female,27,White British,Vocational/Apprenticeship,5,3.3,56,8,80,43,No,Band D,Married
1200000719,Reece,Marshall,Warehouse,Goods In,1200000660,1200000606,1200000597,1200000594,Warehouse Operative,Individual Contributor,Fixed-Term,Full Time,Birmingham DC,Birmingham,West Midlands,31600,1.4,14/05/2026,,,,1,Male,20,White Other,GCSE,1,3.2,79,3,107,0,No,Band D,Single
1200000721,Carl,Adams,Warehouse,Picking,1200000662,1200000609,1200000597,1200000594,Picker,Individual Contributor,Permanent,Part Time,Birmingham DC,Birmingham,West Midlands,31400,0,17/10/2023,,,,1,Male,29,White British,Vocational/Apprenticeship,10,4.2,59,1,113,15,No,Band D,Single
1200000724,Jeffrey,Jones,Warehouse,Packing,1200000663,1200000611,1200000597,1200000594,Packer,Individual Contributor,Permanent,Full Time,Birmingham DC,Birmingham,West Midlands,34000,1.1,01/05/2024,11/04/2025,Voluntary,Relocation,0,Male,29,White British,Vocational/Apprenticeship,7,4.9,77,3,61,11,No,Band C,Married
1200000725,Jasmine,Ward,Warehouse,Inventory,1200000664,1200000614,1200000597,1200000594,Inventory Controller,Individual Contributor,Contractor,Full Time,Birmingham DC,Birmingham,West Midlands,29100,2.9,23/12/2022,,,,1,Female,22,White British,GCSE,2,4.2,69,2,176,3,No,Band E,Single
1200000727,Henry,Butcher,Warehouse,Inventory,1200000666,1200000614,1200000597,1200000594,Inventory Controller,Individual Contributor,Permanent,Full Time,Birmingham DC,Birmingham,West Midlands,27900,0,04/05/2026,05/07/2026,Voluntary,Career progression,0,Male,20,White British,A-Level,0,3,68,9,57,27,No,Band E,Single
1200000728,Bruce,Price,Warehouse,Dispatch,1200000669,1200000616,1200000597,1200000594,Warehouse Operative,Individual Contributor,Permanent,Full Time,Birmingham DC,Birmingham,West Midlands,24500,2.5,22/10/2023,,,,1,Male,23,White British,Bachelor's,4,3.6,82,5,85,21,Yes,Band F,Single
1200000731,Natasha,Smith,Warehouse,Returns,1200000672,1200000617,1200000597,1200000594,Warehouse Operative,Individual Contributor,Permanent,Full Time,Birmingham DC,Birmingham,West Midlands,29300,0,02/07/2025,,,,1,Male,18,White British,GCSE,0,2.9,74,7,50,11,No,Band E,Married
1200000733,Darren,Atkinson,Warehouse,Goods In,1200000675,1200000620,1200000600,1200000594,Warehouse Operative,Individual Contributor,Permanent,Full Time,Doncaster DC,Doncaster,Yorkshire and the Humber,35400,0,11/08/2024,,,,1,Male,27,White British,A-Level,8,3.8,62,3,75,0,No,Band B,Married
1200000735,Charles,Baldwin,Warehouse,Goods In,1200000676,1200000620,1200000600,1200000594,Warehouse Operative,Individual Contributor,Permanent,Full Time,Doncaster DC,Doncaster,Yorkshire and the Humber,26100,1.5,23/10/2024,,,,1,Male,30,White Other,A-Level,10,4.5,45,1,142,15,No,Band F,Single
1200000736,Max,Watson,Warehouse,Picking,1200000677,1200000623,1200000600,1200000594,Picker,Individual Contributor,Permanent,Full Time,Doncaster DC,Doncaster,Yorkshire and the Humber,34100,1.2,16/09/2023,17/07/2026,Voluntary,Retirement,0,Male,30,White British,A-Level,11,2.8,91,6,115,26,No,Band C,Married
1200000738,Beth,Gallagher,Warehouse,Packing,1200000679,1200000624,1200000600,1200000594,Packer,Individual Contributor,Permanent,Full Time,Doncaster DC,Doncaster,Yorkshire and the Humber,25900,1,29/03/2024,,,,1,Male,28,White Other,Vocational/Apprenticeship,10,4.2,65,4,135,10,Yes,Band F,Married
1200000739,Gillian,Hicks,Warehouse,Inventory,1200000682,1200000626,1200000600,1200000594,Inventory Controller,Individual Contributor,Permanent,Full Time,Doncaster DC,Doncaster,Yorkshire and the Humber,32800,1.4,25/08/2021,,,,1,Male,28,Asian British,Bachelor's,7,3.4,45,3,128,20,Yes,Band C,Divorced
1200000742,Ashley,Wood,Warehouse,Inventory,1200000683,1200000626,1200000600,1200000594,Inventory Controller,Individual Contributor,Permanent,Full Time,Doncaster DC,Doncaster,Yorkshire and the Humber,26400,0,19/02/2023,,,,1,Male,33,White British,Bachelor's,15,3.1,95,1,132,30,No,Band F,Married
1200000744,Marcus,Anderson,Warehouse,Dispatch,1200000685,1200000628,1200000600,1200000594,Warehouse Operative,Individual Contributor,Permanent,Full Time,Doncaster DC,Doncaster,Yorkshire and the Humber,30800,0,26/05/2024,,,,1,Male,23,Asian British,A-Level,3,4,72,8,59,17,No,Band D,Single
1200000745,Adam,Lee,Warehouse,Returns,1200000686,1200000631,1200000600,1200000594,Warehouse Operative,Individual Contributor,Permanent,Full Time,Doncaster DC,Doncaster,Yorkshire and the Humber,24400,2.7,18/05/2023,14/02/2024,Voluntary,Personal reasons,0,Female,23,White British,A-Level,1,4.3,72,4,109,14,No,Band F,Married
1200000746,Stephanie,Wilson,Warehouse,Goods In,1200000687,1200000632,1200000601,1200000594,Warehouse Operative,Individual Contributor,Permanent,Full Time,Leeds DC,Leeds,Yorkshire and the Humber,35900,0,10/01/2024,,,,1,Female,27,White British,Vocational/Apprenticeship,8,3.4,78,5,83,8,Yes,Band B,Divorced
1200000747,Craig,Stokes,Warehouse,Goods In,1200000690,1200000632,1200000601,1200000594,Warehouse Operative,Individual Contributor,Permanent,Part Time,Leeds DC,Leeds,Yorkshire and the Humber,33500,1.9,22/01/2023,,,,1,Male,33,White British,GCSE,15,3.7,53,2,167,21,No,Band C,Married
1200000749,Owen,Wilkinson,Warehouse,Picking,1200000692,1200000634,1200000601,1200000594,Picker,Individual Contributor,Permanent,Full Time,Leeds DC,Leeds,Yorkshire and the Humber,25700,0,17/06/2022,21/12/2022,Voluntary,Career progression,0,Male,33,White British,A-Level,11,5,87,6,27,1,Yes,Band F,Divorced
1200000752,Ashley,Thomas,Warehouse,Packing,1200000694,1200000636,1200000601,1200000594,Packer,Individual Contributor,Permanent,Full Time,Leeds DC,Leeds,Yorkshire and the Humber,26100,0,03/01/2024,,,,1,Female,29,Black British,GCSE,11,3.1,69,3,43,16,No,Band F,Divorced
1200000753,Richard,Fisher,Warehouse,Inventory,1200000696,1200000637,1200000601,1200000594,Inventory Controller,Individual Contributor,Permanent,Full Time,Leeds DC,Leeds,Yorkshire and the Humber,31600,0.3,22/02/2024,,,,1,Male,32,Asian British,Vocational/Apprenticeship,14,3.8,67,6,24,17,Yes,Band D,Married
1200000754,Damien,Curtis,Warehouse,Inventory,1200000699,1200000637,1200000601,1200000594,Inventory Controller,Individual Contributor,Permanent,Full Time,Leeds DC,Leeds,Yorkshire and the Humber,30400,0,13/07/2023,16/07/2024,Voluntary,Relocation,0,Male,30,Black British,A-Level,10,2.6,75,4,90,9,No,Band D,Divorced
1200000756,Stanley,Taylor,Warehouse,Dispatch,1200000702,1200000640,1200000601,1200000594,Warehouse Operative,Individual Contributor,Permanent,Full Time,Leeds DC,Leeds,Yorkshire and the Humber,33900,1.5,25/05/2026,,,,1,Male,20,White British,Vocational/Apprenticeship,0,3.5,87,3,68,0,Yes,Band C,Married
1200000758,Duncan,Webb,Warehouse,Returns,1200000703,1200000642,1200000601,1200000594,Warehouse Operative,Individual Contributor,Permanent,Full Time,Leeds DC,Leeds,Yorkshire and the Humber,31900,0,25/09/2024,,,,1,Male,24,White British,Vocational/Apprenticeship,5,3.6,86,3,97,0,No,Band D,Married
1200000761,Thomas,Allen,Warehouse,Goods In,1200000706,1200000644,1200000604,1200000594,Warehouse Operative,Individual Contributor,Fixed-Term,Full Time,Rugby DC,Rugby,West Midlands,25900,1.4,10/11/2025,,,,1,Male,31,White British,Vocational/Apprenticeship,10,3.3,45,4,66,16,No,Band F,Single
1200000764,Damian,Jones,Warehouse,Goods In,1200000708,1200000644,1200000604,1200000594,Warehouse Operative,Individual Contributor,Permanent,Full Time,Rugby DC,Rugby,West Midlands,33500,1.9,13/02/2025,15/06/2025,Voluntary,Personal reasons,0,Male,19,White British,GCSE,0,2.3,63,6,51,25,Yes,Band C,Single
1200000766,Ronald,Gallagher,Warehouse,Picking,1200000709,1200000645,1200000604,1200000594,Picker,Individual Contributor,Permanent,Full Time,Rugby DC,Rugby,West Midlands,35800,1,02/08/2022,,,,1,Male,33,White British,GCSE,12,3.6,60,3,117,13,No,Band B,Married
1200000769,Richard,Smith,Warehouse,Packing,1200000710,1200000648,1200000604,1200000594,Packer,Individual Contributor,Permanent,Full Time,Rugby DC,Rugby,West Midlands,25800,2.6,09/08/2025,,,,1,Female,20,White British,Vocational/Apprenticeship,0,2.6,66,3,62,12,No,Band F,Single
1200000772,Shane,Clark,Warehouse,Inventory,1200000713,1200000651,1200000604,1200000594,Inventory Controller,Individual Contributor,Permanent,Full Time,Rugby DC,Rugby,West Midlands,30300,1.1,03/08/2025,,,,1,Male,19,White British,GCSE,0,3.9,56,7,54,0,No,Band D,Married
1200000774,Charlotte,Matthews,Warehouse,Inventory,1200000714,1200000651,1200000604,1200000594,Inventory Controller,Individual Contributor,Permanent,Full Time,Rugby DC,Rugby,West Midlands,34500,2.6,11/02/2025,,,,1,Male,19,Asian British,Vocational/Apprenticeship,0,4.1,65,7,18,22,No,Band C,Single
1200000775,Alan,Mellor,Warehouse,Dispatch,1200000715,1200000654,1200000604,1200000594,Warehouse Operative,Individual Contributor,Permanent,Part Time,Rugby DC,Rugby,West Midlands,32200,0.7,08/04/2021,16/12/2021,Voluntary,Better opportunity,0,Male,30,White British,A-Level,8,3.3,74,2,128,17,No,Band D,Single
1200000777,Glenn,Collier,Warehouse,Returns,1200000716,1200000656,1200000604,1200000594,Warehouse Operative,Individual Contributor,Permanent,Part Time,Rugby DC,Rugby,West Midlands,28600,0.2,09/02/2026,,,,1,Female,18,Asian British,GCSE,0,2.7,68,4,23,24,No,Band E,Married
1200000779,Keith,Barker,Warehouse,Goods In,1200000659,1200000606,1200000597,1200000594,Warehouse Operative,Individual Contributor,Permanent,Full Time,Birmingham DC,Birmingham,West Midlands,32400,1.7,13/03/2024,,,,1,Male,21,White British,A-Level,0,3,98,2,129,11,No,Band C,Single
1200000781,Derek,Cunningham,Warehouse,Goods In,1200000660,1200000606,1200000597,1200000594,Warehouse Operative,Individual Contributor,Permanent,Full Time,Birmingham DC,Birmingham,West Midlands,34200,0,24/08/2024,30/07/2026,Voluntary,Better opportunity,0,Male,26,White British,GCSE,6,2.4,85,1,115,0,Yes,Band C,Married
1200000782,Catherine,Iqbal,Warehouse,Picking,1200000662,1200000609,1200000597,1200000594,Picker,Individual Contributor,Permanent,Full Time,Birmingham DC,Birmingham,West Midlands,26500,1.1,15/04/2023,03/09/2025,Voluntary,Career progression,0,Female,29,White British,Vocational/Apprenticeship,7,3.7,62,1,97,11,No,Band F,Single
1200000783,Lynne,Butler,Warehouse,Packing,1200000663,1200000611,1200000597,1200000594,Packer,Individual Contributor,Permanent,Full Time,Birmingham DC,Birmingham,West Midlands,30300,0,21/05/2025,,,,1,Male,22,White British,Vocational/Apprenticeship,1,3.4,79,3,122,8,No,Band D,Widowed
1200000785,Dylan,Wilson,Warehouse,Inventory,1200000664,1200000614,1200000597,1200000594,Inventory Controller,Individual Contributor,Permanent,Full Time,Birmingham DC,Birmingham,West Midlands,27800,0,26/11/2025,,,,1,Male,23,White British,A-Level,1,3.8,78,6,132,28,Yes,Band E,Single
1200000788,Elliot,Palmer,Warehouse,Inventory,1200000666,1200000614,1200000597,1200000594,Inventory Controller,Individual Contributor,Permanent,Full Time,Birmingham DC,Birmingham,West Midlands,34400,0,03/08/2024,,,,1,Male,18,Asian British,Vocational/Apprenticeship,0,3.5,82,3,87,17,No,Band C,Married
1200000790,Ross,Jordan,Warehouse,Dispatch,1200000669,1200000616,1200000597,1200000594,Warehouse Operative,Individual Contributor,Permanent,Full Time,Birmingham DC,Birmingham,West Midlands,27200,2,21/03/2025,,,,1,Male,28,Other Ethnic Group,A-Level,6,2.8,58,3,126,28,Yes,Band E,Married
1200000793,Billy,Scott,Warehouse,Returns,1200000672,1200000617,1200000597,1200000594,Warehouse Operative,Individual Contributor,Permanent,Full Time,Birmingham DC,Birmingham,West Midlands,27200,0,16/05/2022,,,,1,Male,25,White British,GCSE,5,2.2,85,5,111,15,No,Band E,Married
1200000796,Carl,Pearce,Warehouse,Goods In,1200000675,1200000620,1200000600,1200000594,Warehouse Operative,Individual Contributor,Fixed-Term,Full Time,Doncaster DC,Doncaster,Yorkshire and the Humber,25800,0.8,27/06/2022,,,,1,Male,34,White British,Bachelor's,15,3.6,54,2,103,29,No,Band F,Married
1200000797,Robert,John,Warehouse,Goods In,1200000676,1200000620,1200000600,1200000594,Warehouse Operative,Individual Contributor,Contractor,Full Time,Doncaster DC,Doncaster,Yorkshire and the Humber,29400,0.8,02/05/2024,,,,1,Male,21,Asian British,GCSE,0,3.1,55,2,36,25,Yes,Band E,Single
1200000798,Adam,May,Warehouse,Picking,1200000677,1200000623,1200000600,1200000594,Picker,Individual Contributor,Permanent,Full Time,Doncaster DC,Doncaster,Yorkshire and the Humber,34100,2.7,23/10/2023,26/12/2024,Voluntary,Career progression,0,Male,33,White British,GCSE,14,4.2,59,5,76,36,Yes,Band C,Married
1200000799,Kelly,Johnson,Warehouse,Packing,1200000679,1200000624,1200000600,1200000594,Packer,Individual Contributor,Permanent,Part Time,Doncaster DC,Doncaster,Yorkshire and the Humber,28400,0,16/12/2023,04/08/2025,Voluntary,Relocation,0,Male,18,White British,A-Level,0,3.8,80,4,107,6,Yes,Band E,Single
1200000802,Wayne,Benson,Warehouse,Inventory,1200000682,1200000626,1200000600,1200000594,Inventory Controller,Individual Contributor,Permanent,Part Time,Doncaster DC,Doncaster,Yorkshire and the Humber,27700,0,09/10/2023,,,,1,Female,30,Mixed,Vocational/Apprenticeship,8,3.1,77,4,66,22,No,Band E,Married
1200000804,Jason,Smith,Warehouse,Inventory,1200000683,1200000626,1200000600,1200000594,Inventory Controller,Individual Contributor,Permanent,Full Time,Doncaster DC,Doncaster,Yorkshire and the Humber,32800,1,14/01/2025,,,,1,Male,27,Asian British,Vocational/Apprenticeship,7,4.1,75,3,88,21,No,Band C,Married
1200000806,Martyn,Tucker,Warehouse,Dispatch,1200000685,1200000628,1200000600,1200000594,Warehouse Operative,Individual Contributor,Contractor,Full Time,Doncaster DC,Doncaster,Yorkshire and the Humber,25400,1.3,30/03/2025,,,,1,Female,29,White British,GCSE,8,3.7,71,4,109,16,Yes,Band F,Married
1200000809,Susan,Hanson,Warehouse,Returns,1200000686,1200000631,1200000600,1200000594,Warehouse Operative,Individual Contributor,Permanent,Full Time,Doncaster DC,Doncaster,Yorkshire and the Humber,24600,0,12/10/2024,,,,1,Male,28,White British,Vocational/Apprenticeship,10,3.8,65,6,132,27,No,Band F,Single
1200000810,Beth,Wright,Warehouse,Goods In,1200000687,1200000632,1200000601,1200000594,Warehouse Operative,Individual Contributor,Permanent,Full Time,Leeds DC,Leeds,Yorkshire and the Humber,34700,0,23/01/2025,,,,1,Female,18,Black British,Vocational/Apprenticeship,0,3,56,5,121,0,No,Band C,Single
1200000811,Donna,Higgins,Warehouse,Goods In,1200000690,1200000632,1200000601,1200000594,Warehouse Operative,Individual Contributor,Permanent,Full Time,Leeds DC,Leeds,Yorkshire and the Humber,25700,0,30/04/2026,20/07/2026,Voluntary,Retirement,0,Male,22,White British,Vocational/Apprenticeship,4,3.9,70,5,80,32,Yes,Band F,Single
1200000814,Gareth,Goddard,Warehouse,Picking,1200000692,1200000634,1200000601,1200000594,Picker,Individual Contributor,Permanent,Full Time,Leeds DC,Leeds,Yorkshire and the Humber,24700,1,26/10/2025,,,,1,Male,20,White British,GCSE,1,3.9,94,1,25,15,No,Band F,Single
1200000815,Diana,Taylor,Warehouse,Packing,1200000694,1200000636,1200000601,1200000594,Packer,Individual Contributor,Permanent,Full Time,Leeds DC,Leeds,Yorkshire and the Humber,26600,0,28/09/2024,,,,1,Male,33,White British,GCSE,12,2.8,72,4,124,12,No,Band F,Single
1200000817,Alan,Holmes,Warehouse,Inventory,1200000696,1200000637,1200000601,1200000594,Inventory Controller,Individual Contributor,Permanent,Full Time,Leeds DC,Leeds,Yorkshire and the Humber,32600,0.7,31/07/2024,30/11/2024,Involuntary,Dismissal,0,Male,21,White British,Vocational/Apprenticeship,1,4.2,55,4,162,25,No,Band C,Single
1200000818,Wayne,Greenwood,Warehouse,Inventory,1200000699,1200000637,1200000601,1200000594,Inventory Controller,Individual Contributor,Permanent,Full Time,Leeds DC,Leeds,Yorkshire and the Humber,25600,2.6,11/04/2024,,,,1,Male,21,Other Ethnic Group,A-Level,0,4.2,61,2,111,23,No,Band F,Single
1200000819,Terry,Wright,Warehouse,Dispatch,1200000702,1200000640,1200000601,1200000594,Warehouse Operative,Individual Contributor,Permanent,Part Time,Leeds DC,Leeds,Yorkshire and the Humber,26600,0.1,23/01/2023,,,,1,Male,29,White British,GCSE,10,4.1,75,4,76,22,No,Band F,Single
1200000820,Nigel,Field,Warehouse,Returns,1200000703,1200000642,1200000601,1200000594,Warehouse Operative,Individual Contributor,Permanent,Part Time,Leeds DC,Leeds,Yorkshire and the Humber,31900,0.2,30/12/2022,,,,1,Female,22,White British,A-Level,4,4.4,64,1,92,14,No,Band D,Married
1200000822,Teresa,Wilson,Warehouse,Goods In,1200000706,1200000644,1200000604,1200000594,Warehouse Operative,Individual Contributor,Permanent,Full Time,Rugby DC,Rugby,West Midlands,30200,0.2,12/12/2020,,,,1,Male,27,White British,GCSE,8,3.2,96,4,115,4,No,Band D,Married
1200000824,Keith,Walker,Warehouse,Goods In,1200000708,1200000644,1200000604,1200000594,Warehouse Operative,Individual Contributor,Permanent,Full Time,Rugby DC,Rugby,West Midlands,27300,0,29/07/2025,,,,1,Male,29,White British,A-Level,9,3.1,99,5,200,12,No,Band E,Divorced
1200000825,Rachel,Hammond,Warehouse,Picking,1200000709,1200000645,1200000604,1200000594,Picker,Individual Contributor,Permanent,Full Time,Rugby DC,Rugby,West Midlands,26800,1.7,22/06/2022,,,,1,Female,30,White British,A-Level,8,3.4,52,6,77,8,No,Band F,Married
1200000828,Jake,James,Warehouse,Packing,1200000710,1200000648,1200000604,1200000594,Packer,Individual Contributor,Permanent,Part Time,Rugby DC,Rugby,West Midlands,31100,2.7,16/07/2023,,,,1,Male,23,White British,GCSE,3,3.2,65,5,116,1,No,Band D,Single
1200000831,Hilary,Morris,Warehouse,Inventory,1200000713,1200000651,1200000604,1200000594,Inventory Controller,Individual Contributor,Permanent,Part Time,Rugby DC,Rugby,West Midlands,35400,1.4,26/12/2022,,,,1,Male,30,White British,A-Level,9,3.9,87,3,148,11,Yes,Band B,Single
1200000834,Glen,Woodward,Warehouse,Inventory,1200000714,1200000651,1200000604,1200000594,Inventory Controller,Individual Contributor,Permanent,Part Time,Rugby DC,Rugby,West Midlands,26600,2.6,03/12/2025,,,,1,Female,19,White Other,GCSE,0,2.6,65,1,86,20,No,Band F,Single
1200000836,Beverley,Harvey,Warehouse,Dispatch,1200000715,1200000654,1200000604,1200000594,Warehouse Operative,Individual Contributor,Fixed-Term,Full Time,Rugby DC,Rugby,West Midlands,30300,1,29/12/2023,08/07/2024,Involuntary,Performance,0,Male,29,White British,A-Level,11,3.8,89,2,141,11,No,Band D,Married
1200000838,Leigh,Rogers,Warehouse,Returns,1200000716,1200000656,1200000604,1200000594,Warehouse Operative,Individual Contributor,Permanent,Full Time,Rugby DC,Rugby,West Midlands,24800,0,29/08/2025,,,,1,Female,20,White British,Vocational/Apprenticeship,0,3.4,93,6,106,21,No,Band F,Married
1200000840,Reece,Hewitt,Warehouse,Goods In,1200000659,1200000606,1200000597,1200000594,Warehouse Operative,Individual Contributor,Permanent,Full Time,Birmingham DC,Birmingham,West Midlands,35500,0,21/06/2024,,,,1,Male,22,White Other,GCSE,0,4.9,88,1,118,19,No,Band B,Married
1200000842,Tony,Powell,Warehouse,Goods In,1200000660,1200000606,1200000597,1200000594,Warehouse Operative,Individual Contributor,Permanent,Part Time,Birmingham DC,Birmingham,West Midlands,31700,2,06/12/2023,,,,1,Male,30,White British,GCSE,12,3.5,27,4,106,8,No,Band D,Married
1200000844,Beverley,Francis,Warehouse,Picking,1200000662,1200000609,1200000597,1200000594,Picker,Individual Contributor,Permanent,Full Time,Birmingham DC,Birmingham,West Midlands,25300,0,04/05/2024,,,,1,Male,25,White British,Vocational/Apprenticeship,5,3.5,79,2,110,22,No,Band F,Single
1200000847,Michael,Ball,Warehouse,Packing,1200000663,1200000611,1200000597,1200000594,Packer,Individual Contributor,Permanent,Part Time,Birmingham DC,Birmingham,West Midlands,30900,1.9,22/11/2024,,,,1,Male,22,White British,GCSE,2,3.6,56,3,80,13,No,Band D,Single
1200000850,Shaun,Butler,Warehouse,Inventory,1200000664,1200000614,1200000597,1200000594,Inventory Controller,Individual Contributor,Permanent,Full Time,Birmingham DC,Birmingham,West Midlands,34900,2.5,13/05/2025,,,,1,Male,25,White British,A-Level,3,3.1,82,4,100,28,Yes,Band B,Single
1200000852,James,Green,Warehouse,Inventory,1200000666,1200000614,1200000597,1200000594,Inventory Controller,Individual Contributor,Contractor,Part Time,Birmingham DC,Birmingham,West Midlands,28700,0.5,13/11/2023,,,,1,Female,19,Black British,Vocational/Apprenticeship,0,3.3,75,8,46,0,No,Band E,Single
1200000853,Tom,Lee,Warehouse,Dispatch,1200000669,1200000616,1200000597,1200000594,Warehouse Operative,Individual Contributor,Contractor,Full Time,Birmingham DC,Birmingham,West Midlands,28300,0,05/07/2024,,,,1,Female,28,White British,Vocational/Apprenticeship,7,5,67,4,54,12,No,Band E,Single
1200000854,Gerard,Fox,Warehouse,Returns,1200000672,1200000617,1200000597,1200000594,Warehouse Operative,Individual Contributor,Permanent,Full Time,Birmingham DC,Birmingham,West Midlands,31500,0.5,17/03/2026,,,,1,Female,25,Mixed,A-Level,6,4.8,97,4,79,2,No,Band D,Single
1200000857,Claire,Watkins,Warehouse,Goods In,1200000675,1200000620,1200000600,1200000594,Warehouse Operative,Individual Contributor,Permanent,Full Time,Doncaster DC,Doncaster,Yorkshire and the Humber,36000,0.1,14/09/2025,,,,1,Female,25,White British,GCSE,7,4.4,66,4,75,22,Yes,Band B,Single
1200000860,Tom,Perry,Warehouse,Goods In,1200000676,1200000620,1200000600,1200000594,Warehouse Operative,Individual Contributor,Fixed-Term,Part Time,Doncaster DC,Doncaster,Yorkshire and the Humber,28600,0,19/06/2025,23/02/2026,Voluntary,Relocation,0,Male,30,White British,Vocational/Apprenticeship,11,3.5,53,1,117,16,No,Band E,Single
1200000863,Gerard,Thomas,Warehouse,Picking,1200000677,1200000623,1200000600,1200000594,Picker,Individual Contributor,Permanent,Full Time,Doncaster DC,Doncaster,Yorkshire and the Humber,26400,1.3,26/03/2026,,,,1,Male,18,White British,GCSE,0,3.3,74,1,92,32,No,Band F,Married
1200000865,Angela,Jones,Warehouse,Packing,1200000679,1200000624,1200000600,1200000594,Packer,Individual Contributor,Permanent,Full Time,Doncaster DC,Doncaster,Yorkshire and the Humber,26700,2.9,15/03/2025,,,,1,Female,26,White British,Vocational/Apprenticeship,6,3.6,94,1,82,9,Yes,Band F,Single
1200000868,Victor,Williams,Warehouse,Inventory,1200000682,1200000626,1200000600,1200000594,Inventory Controller,Individual Contributor,Permanent,Full Time,Doncaster DC,Doncaster,Yorkshire and the Humber,25400,0,26/10/2024,,,,1,Female,22,White British,GCSE,1,3,67,5,94,24,No,Band F,Married
1200000870,Bradley,Clayton,Warehouse,Inventory,1200000683,1200000626,1200000600,1200000594,Inventory Controller,Individual Contributor,Permanent,Full Time,Doncaster DC,Doncaster,Yorkshire and the Humber,33600,0,02/05/2025,,,,1,Male,24,White British,A-Level,4,3.1,77,3,35,10,Yes,Band C,Married
1200000872,Iain,Williams,Warehouse,Dispatch,1200000685,1200000628,1200000600,1200000594,Warehouse Operative,Individual Contributor,Permanent,Full Time,Doncaster DC,Doncaster,Yorkshire and the Humber,26000,1.5,07/07/2024,,,,1,Male,26,Mixed,A-Level,8,3.6,100,3,144,4,No,Band F,Married
1200000873,Grace,Morgan,Warehouse,Returns,1200000686,1200000631,1200000600,1200000594,Warehouse Operative,Individual Contributor,Permanent,Full Time,Doncaster DC,Doncaster,Yorkshire and the Humber,28300,0,25/07/2024,,,,1,Male,33,White British,A-Level,15,3.9,85,5,144,10,No,Band E,Widowed
1200000875,Damian,Godfrey,Warehouse,Goods In,1200000687,1200000632,1200000601,1200000594,Warehouse Operative,Individual Contributor,Permanent,Full Time,Leeds DC,Leeds,Yorkshire and the Humber,32400,0,26/04/2022,,,,1,Male,28,White British,Vocational/Apprenticeship,10,3.7,60,2,41,15,No,Band C,Married
1200000878,Mohammed,Potter,Warehouse,Goods In,1200000690,1200000632,1200000601,1200000594,Warehouse Operative,Individual Contributor,Permanent,Part Time,Leeds DC,Leeds,Yorkshire and the Humber,29800,0,16/11/2025,,,,1,Male,21,White British,A-Level,0,3.9,52,3,31,9,No,Band E,Single
1200000879,Lee,Taylor,Warehouse,Picking,1200000692,1200000634,1200000601,1200000594,Picker,Individual Contributor,Permanent,Full Time,Leeds DC,Leeds,Yorkshire and the Humber,35300,1.6,27/06/2024,,,,1,Female,34,White British,A-Level,12,4.3,73,6,124,34,No,Band B,Single
1200000880,Maria,Ali,Warehouse,Packing,1200000694,1200000636,1200000601,1200000594,Packer,Individual Contributor,Permanent,Part Time,Leeds DC,Leeds,Yorkshire and the Humber,31200,1.8,02/02/2023,,,,1,Male,25,White Other,A-Level,6,3.7,65,3,99,28,No,Band D,Single
1200000881,Mandy,Barber,Warehouse,Inventory,1200000696,1200000637,1200000601,1200000594,Inventory Controller,Individual Contributor,Permanent,Full Time,Leeds DC,Leeds,Yorkshire and the Humber,26100,1.3,06/06/2026,,,,1,Male,21,White Other,GCSE,2,3.8,72,4,139,40,Yes,Band F,Single
1200000884,Marc,Bradley,Warehouse,Inventory,1200000699,1200000637,1200000601,1200000594,Inventory Controller,Individual Contributor,Permanent,Full Time,Leeds DC,Leeds,Yorkshire and the Humber,28100,0,08/08/2022,,,,1,Male,22,White British,GCSE,4,2.7,78,6,71,17,Yes,Band E,Single
1200000885,Henry,Sims,Warehouse,Dispatch,1200000702,1200000640,1200000601,1200000594,Warehouse Operative,Individual Contributor,Permanent,Full Time,Leeds DC,Leeds,Yorkshire and the Humber,29700,0,12/06/2024,01/05/2026,Voluntary,Career progression,0,Male,31,Asian British,Vocational/Apprenticeship,9,3.4,62,6,80,0,No,Band E,Widowed
1200000887,Samuel,McLean,Warehouse,Returns,1200000703,1200000642,1200000601,1200000594,Warehouse Operative,Individual Contributor,Permanent,Full Time,Leeds DC,Leeds,Yorkshire and the Humber,35900,0,16/01/2026,,,,1,Male,32,White British,A-Level,14,3.6,100,6,101,19,No,Band B,Single
1200000889,Shaun,Clark,Warehouse,Goods In,1200000706,1200000644,1200000604,1200000594,Warehouse Operative,Individual Contributor,Permanent,Full Time,Rugby DC,Rugby,West Midlands,27700,2.3,06/11/2021,,,,1,Female,27,White British,A-Level,5,3.4,70,2,112,21,No,Band E,Single
1200000891,Reece,Taylor,Warehouse,Goods In,1200000708,1200000644,1200000604,1200000594,Warehouse Operative,Individual Contributor,Permanent,Part Time,Rugby DC,Rugby,West Midlands,29100,2.5,10/06/2023,,,,1,Male,26,White British,A-Level,4,3,69,5,35,16,No,Band E,Married
1200000894,David,Moss,Warehouse,Picking,1200000709,1200000645,1200000604,1200000594,Picker,Individual Contributor,Permanent,Part Time,Rugby DC,Rugby,West Midlands,32600,0.3,23/09/2025,,,,1,Male,20,White British,A-Level,0,3.9,64,7,90,2,No,Band C,Married
1200000895,Mathew,Hall,Warehouse,Packing,1200000710,1200000648,1200000604,1200000594,Packer,Individual Contributor,Permanent,Part Time,Rugby DC,Rugby,West Midlands,27800,2.2,04/11/2025,,,,1,Male,28,White British,Vocational/Apprenticeship,10,2.8,72,6,39,25,No,Band E,Married
1200000898,Richard,Kay,Warehouse,Inventory,1200000713,1200000651,1200000604,1200000594,Inventory Controller,Individual Contributor,Permanent,Full Time,Rugby DC,Rugby,West Midlands,26400,0.3,07/03/2024,,,,1,Female,29,White British,A-Level,9,4,100,4,62,33,No,Band F,Single
1200000899,Jeremy,Johnson,Warehouse,Inventory,1200000714,1200000651,1200000604,1200000594,Inventory Controller,Individual Contributor,Permanent,Full Time,Rugby DC,Rugby,West Midlands,26500,0,14/12/2022,,,,1,Female,29,White British,Vocational/Apprenticeship,9,3.5,78,3,123,14,No,Band F,Married
1200000901,Frederick,Johnson,Warehouse,Dispatch,1200000715,1200000654,1200000604,1200000594,Warehouse Operative,Individual Contributor,Permanent,Full Time,Rugby DC,Rugby,West Midlands,32900,2.9,05/05/2024,,,,1,Male,26,White British,A-Level,6,3.5,85,3,74,19,No,Band C,Married
1200000902,Richard,Martin,Warehouse,Returns,1200000716,1200000656,1200000604,1200000594,Warehouse Operative,Individual Contributor,Permanent,Full Time,Rugby DC,Rugby,West Midlands,32100,0.9,26/04/2024,25/09/2024,Voluntary,Better opportunity,0,Male,30,White British,Vocational/Apprenticeship,11,3.7,65,4,24,20,No,Band D,Married
1200000903,Henry,Clarke,Warehouse,Goods In,1200000659,1200000606,1200000597,1200000594,Warehouse Operative,Individual Contributor,Permanent,Full Time,Birmingham DC,Birmingham,West Midlands,33700,1.9,26/05/2025,,,,1,Male,25,White British,Bachelor's,4,3.6,58,2,95,18,No,Band C,Single
1200000906,Dawn,Williams,Warehouse,Goods In,1200000660,1200000606,1200000597,1200000594,Warehouse Operative,Individual Contributor,Permanent,Full Time,Birmingham DC,Birmingham,West Midlands,25600,3,23/01/2025,,,,1,Male,29,White British,GCSE,8,3.8,88,5,97,13,No,Band F,Married
1200000907,Geraldine,Jones,Warehouse,Picking,1200000662,1200000609,1200000597,1200000594,Picker,Individual Contributor,Permanent,Full Time,Birmingham DC,Birmingham,West Midlands,24600,2.6,08/04/2025,,,,1,Male,21,White British,Bachelor's,1,2.8,83,2,65,28,No,Band F,Single
1200000909,Stephen,Simpson,Warehouse,Packing,1200000663,1200000611,1200000597,1200000594,Packer,Individual Contributor,Permanent,Full Time,Birmingham DC,Birmingham,West Midlands,35300,1,20/01/2024,06/05/2024,Voluntary,Career progression,0,Male,33,White British,Vocational/Apprenticeship,15,4,56,3,93,17,No,Band B,Married
1200000910,Leon,Roberts,Warehouse,Inventory,1200000664,1200000614,1200000597,1200000594,Inventory Controller,Individual Contributor,Permanent,Full Time,Birmingham DC,Birmingham,West Midlands,28300,0,29/05/2025,,,,1,Female,26,Other Ethnic Group,A-Level,6,2.4,49,3,122,15,No,Band E,Single
1200000913,Owen,Steele,Warehouse,Inventory,1200000666,1200000614,1200000597,1200000594,Inventory Controller,Individual Contributor,Permanent,Full Time,Birmingham DC,Birmingham,West Midlands,29700,2,05/02/2024,,,,1,Female,28,White British,Vocational/Apprenticeship,9,3.9,68,6,89,23,No,Band E,Married
1200000915,Martyn,Brown,Warehouse,Dispatch,1200000669,1200000616,1200000597,1200000594,Warehouse Operative,Individual Contributor,Permanent,Full Time,Birmingham DC,Birmingham,West Midlands,34300,2.6,10/06/2022,,,,1,Male,29,White British,GCSE,11,3.5,65,3,67,13,No,Band C,Married
1200000917,Dennis,Green,Warehouse,Returns,1200000672,1200000617,1200000597,1200000594,Warehouse Operative,Individual Contributor,Permanent,Full Time,Birmingham DC,Birmingham,West Midlands,31100,2.6,06/03/2024,10/12/2025,Voluntary,Relocation,0,Male,22,Black British,Vocational/Apprenticeship,2,3.6,83,6,42,9,No,Band D,Single
1200000918,Kevin,Hall,Warehouse,Goods In,1200000675,1200000620,1200000600,1200000594,Warehouse Operative,Individual Contributor,Permanent,Full Time,Doncaster DC,Doncaster,Yorkshire and the Humber,24500,0,14/06/2023,,,,1,Male,21,Asian British,A-Level,2,3.5,75,1,7,25,No,Band F,Single
1200000919,Darren,Miah,Warehouse,Goods In,1200000676,1200000620,1200000600,1200000594,Warehouse Operative,Individual Contributor,Permanent,Full Time,Doncaster DC,Doncaster,Yorkshire and the Humber,26900,0.1,22/07/2022,,,,1,Male,34,White Other,Vocational/Apprenticeship,12,3.2,66,5,50,20,Yes,Band E,Married
1200000921,Ann,Morley,Warehouse,Picking,1200000677,1200000623,1200000600,1200000594,Picker,Individual Contributor,Permanent,Full Time,Doncaster DC,Doncaster,Yorkshire and the Humber,35900,0.7,18/06/2024,,,,1,Female,28,White British,A-Level,7,2.7,66,3,98,23,Yes,Band B,Married
1200000922,Donna,Bond,Warehouse,Packing,1200000679,1200000624,1200000600,1200000594,Packer,Individual Contributor,Permanent,Full Time,Doncaster DC,Doncaster,Yorkshire and the Humber,33600,2.4,24/07/2024,12/02/2026,Voluntary,Personal reasons,0,Male,32,White Other,Bachelor's,12,2.6,60,3,127,41,No,Band C,Divorced
1200000925,Barry,Allan,Warehouse,Inventory,1200000682,1200000626,1200000600,1200000594,Inventory Controller,Individual Contributor,Permanent,Full Time,Doncaster DC,Doncaster,Yorkshire and the Humber,29200,1.4,07/10/2023,,,,1,Male,28,White British,GCSE,10,4.3,73,5,46,20,No,Band E,Single
1200000928,Cameron,Robinson,Warehouse,Inventory,1200000683,1200000626,1200000600,1200000594,Inventory Controller,Individual Contributor,Permanent,Part Time,Doncaster DC,Doncaster,Yorkshire and the Humber,28100,0.9,08/03/2025,,,,1,Male,28,Mixed,A-Level,9,2.1,68,6,52,10,No,Band E,Married
1200000930,Adrian,Murphy,Warehouse,Dispatch,1200000685,1200000628,1200000600,1200000594,Warehouse Operative,Individual Contributor,Permanent,Part Time,Doncaster DC,Doncaster,Yorkshire and the Humber,27900,0,19/02/2023,25/10/2025,Voluntary,Better opportunity,0,Female,25,Asian British,GCSE,7,4.7,81,3,79,17,No,Band E,Married
1200000931,Liam,Cooper,Warehouse,Returns,1200000686,1200000631,1200000600,1200000594,Warehouse Operative,Individual Contributor,Permanent,Full Time,Doncaster DC,Doncaster,Yorkshire and the Humber,29500,2.6,08/07/2022,,,,1,Female,30,Asian British,Vocational/Apprenticeship,9,2.6,76,4,116,13,No,Band E,Single
1200000932,Clifford,Buckley,Warehouse,Goods In,1200000687,1200000632,1200000601,1200000594,Warehouse Operative,Individual Contributor,Permanent,Part Time,Leeds DC,Leeds,Yorkshire and the Humber,24000,1.9,02/10/2025,,,,1,Male,21,White British,GCSE,2,3.3,49,6,170,14,No,Band F,Single
1200000934,Mary,Taylor,Warehouse,Goods In,1200000690,1200000632,1200000601,1200000594,Warehouse Operative,Individual Contributor,Permanent,Part Time,Leeds DC,Leeds,Yorkshire and the Humber,26800,2.5,06/07/2024,,,,1,Male,30,White Other,GCSE,10,3.9,100,4,105,3,No,Band F,Married
1200000937,Valerie,Clements,Warehouse,Picking,1200000692,1200000634,1200000601,1200000594,Picker,Individual Contributor,Permanent,Full Time,Leeds DC,Leeds,Yorkshire and the Humber,31600,0,24/01/2026,,,,1,Male,27,White British,GCSE,9,2.9,94,6,106,14,No,Band D,Single
1200000940,Gavin,Cook,Warehouse,Packing,1200000694,1200000636,1200000601,1200000594,Packer,Individual Contributor,Permanent,Full Time,Leeds DC,Leeds,Yorkshire and the Humber,31400,1.5,09/04/2026,09/07/2026,Voluntary,Personal reasons,0,Male,31,White British,GCSE,10,4,82,4,50,10,No,Band D,Married
1200000941,Howard,Phillips,Warehouse,Inventory,1200000696,1200000637,1200000601,1200000594,Inventory Controller,Individual Contributor,Fixed-Term,Full Time,Leeds DC,Leeds,Yorkshire and the Humber,27000,0.4,23/02/2026,,,,1,Male,21,White British,GCSE,0,2.6,62,6,79,24,No,Band E,Single
1200000942,David,Bird,Warehouse,Inventory,1200000699,1200000637,1200000601,1200000594,Inventory Controller,Individual Contributor,Permanent,Full Time,Leeds DC,Leeds,Yorkshire and the Humber,35700,0,12/03/2025,,,,1,Female,31,White British,A-Level,12,3.6,49,2,62,20,Yes,Band B,Married
1200000945,Leanne,Smart,Warehouse,Dispatch,1200000702,1200000640,1200000601,1200000594,Warehouse Operative,Individual Contributor,Permanent,Part Time,Leeds DC,Leeds,Yorkshire and the Humber,24100,0,23/01/2025,,,,1,Female,33,White British,A-Level,15,4,62,5,103,27,No,Band F,Single
1200000948,Gregory,Watkins,Warehouse,Returns,1200000703,1200000642,1200000601,1200000594,Warehouse Operative,Individual Contributor,Permanent,Full Time,Leeds DC,Leeds,Yorkshire and the Humber,25500,0,26/09/2023,17/09/2025,Voluntary,Personal reasons,0,Male,26,White British,GCSE,7,3.7,71,2,10,18,Yes,Band F,Single
1200000950,Grace,Taylor,Warehouse,Goods In,1200000706,1200000644,1200000604,1200000594,Warehouse Operative,Individual Contributor,Permanent,Full Time,Rugby DC,Rugby,West Midlands,32500,0,20/03/2024,,,,1,Female,26,Asian British,A-Level,6,3.6,88,4,64,15,No,Band C,Single
1200000951,Francis,Powell,Warehouse,Goods In,1200000708,1200000644,1200000604,1200000594,Warehouse Operative,Individual Contributor,Permanent,Full Time,Rugby DC,Rugby,West Midlands,26700,1.3,19/05/2025,10/12/2025,Voluntary,Relocation,0,Male,20,Other Ethnic Group,Bachelor's,0,2,53,6,46,17,Yes,Band F,Single
1200000954,Kyle,Ross,Warehouse,Picking,1200000709,1200000645,1200000604,1200000594,Picker,Individual Contributor,Permanent,Full Time,Rugby DC,Rugby,West Midlands,27300,0.5,02/09/2024,,,,1,Female,20,White British,A-Level,2,3.9,64,3,123,18,No,Band E,Married
1200000955,Abdul,Patel,Warehouse,Packing,1200000710,1200000648,1200000604,1200000594,Packer,Individual Contributor,Fixed-Term,Full Time,Rugby DC,Rugby,West Midlands,24400,0,12/10/2021,,,,1,Male,27,Other Ethnic Group,GCSE,7,2.7,41,2,133,3,No,Band F,Single
1200000957,Shaun,Taylor,Warehouse,Inventory,1200000713,1200000651,1200000604,1200000594,Inventory Controller,Individual Contributor,Fixed-Term,Full Time,Rugby DC,Rugby,West Midlands,34300,1.8,06/11/2023,,,,1,Female,31,White British,Bachelor's,10,3.5,60,3,90,23,No,Band C,Married
1200000960,Geraldine,Smith,Warehouse,Inventory,1200000714,1200000651,1200000604,1200000594,Inventory Controller,Individual Contributor,Permanent,Full Time,Rugby DC,Rugby,West Midlands,33000,1.1,02/09/2023,,,,1,Male,30,White British,GCSE,12,2.7,68,4,74,0,No,Band C,Single
1200000962,Alex,Barnes,Warehouse,Dispatch,1200000715,1200000654,1200000604,1200000594,Warehouse Operative,Individual Contributor,Permanent,Full Time,Rugby DC,Rugby,West Midlands,28900,1.3,25/03/2024,,,,1,Male,31,Asian British,A-Level,13,4.1,70,5,59,0,No,Band E,Married
1200000964,Russell,Thomas,Warehouse,Returns,1200000716,1200000656,1200000604,1200000594,Warehouse Operative,Individual Contributor,Permanent,Full Time,Rugby DC,Rugby,West Midlands,25500,2.4,07/12/2024,12/03/2026,Involuntary,Performance,0,Male,30,White British,A-Level,9,3.9,63,5,55,12,No,Band F,Married
1200000967,Frank,Cole,Warehouse,Goods In,1200000659,1200000606,1200000597,1200000594,Warehouse Operative,Individual Contributor,Permanent,Full Time,Birmingham DC,Birmingham,West Midlands,25400,0,17/07/2023,,,,1,Male,30,White British,Bachelor's,8,3.7,52,2,143,28,No,Band F,Single
1200000969,Karl,Cooper,Warehouse,Goods In,1200000660,1200000606,1200000597,1200000594,Warehouse Operative,Individual Contributor,Permanent,Full Time,Birmingham DC,Birmingham,West Midlands,32400,0,18/03/2026,,,,1,Male,24,White British,GCSE,6,2.3,68,6,150,21,No,Band C,Single
1200000970,Joyce,James,Warehouse,Picking,1200000662,1200000609,1200000597,1200000594,Picker,Individual Contributor,Permanent,Part Time,Birmingham DC,Birmingham,West Midlands,27000,0.1,18/08/2024,,,,1,Male,30,White British,Vocational/Apprenticeship,11,3.4,94,1,70,28,No,Band E,Single
1200000971,Victor,Robinson,Warehouse,Packing,1200000663,1200000611,1200000597,1200000594,Packer,Individual Contributor,Permanent,Full Time,Birmingham DC,Birmingham,West Midlands,35000,0,04/01/2023,17/08/2023,Voluntary,Personal reasons,0,Male,24,White British,GCSE,4,2.1,82,5,74,38,Yes,Band B,Single
1200000974,Louis,Arnold,Warehouse,Inventory,1200000664,1200000614,1200000597,1200000594,Inventory Controller,Individual Contributor,Contractor,Part Time,Birmingham DC,Birmingham,West Midlands,25400,0,15/10/2022,,,,1,Male,32,White British,GCSE,12,2.2,94,4,119,18,Yes,Band F,Married
1200000977,Philip,Kerr,Warehouse,Inventory,1200000666,1200000614,1200000597,1200000594,Inventory Controller,Individual Contributor,Permanent,Full Time,Birmingham DC,Birmingham,West Midlands,25400,0,28/06/2024,,,,1,Male,32,White British,A-Level,13,2.8,70,2,80,16,Yes,Band F,Single
1200000979,Bryan,Ross,Warehouse,Dispatch,1200000669,1200000616,1200000597,1200000594,Warehouse Operative,Individual Contributor,Contractor,Part Time,Birmingham DC,Birmingham,West Midlands,30400,0,15/12/2024,,,,1,Male,22,White British,Vocational/Apprenticeship,0,4.2,50,1,110,24,No,Band D,Married
1200000981,Adam,Cameron,Warehouse,Returns,1200000672,1200000617,1200000597,1200000594,Warehouse Operative,Individual Contributor,Permanent,Full Time,Birmingham DC,Birmingham,West Midlands,27800,1.6,05/12/2024,,,,1,Male,32,White British,A-Level,11,3.1,62,3,134,18,Yes,Band E,Married
1200000984,Gerald,Spencer,Warehouse,Goods In,1200000675,1200000620,1200000600,1200000594,Warehouse Operative,Individual Contributor,Permanent,Part Time,Doncaster DC,Doncaster,Yorkshire and the Humber,26600,0,18/09/2024,,,,1,Male,31,White British,A-Level,13,4.3,74,4,88,19,No,Band F,Single
1200000986,Julian,Brown,Warehouse,Goods In,1200000676,1200000620,1200000600,1200000594,Warehouse Operative,Individual Contributor,Permanent,Full Time,Doncaster DC,Doncaster,Yorkshire and the Humber,31700,2.5,07/03/2023,,,,1,Female,28,White British,GCSE,8,2.7,100,6,51,22,No,Band D,Married
1200000987,Steven,Bolton,Warehouse,Picking,1200000677,1200000623,1200000600,1200000594,Picker,Individual Contributor,Permanent,Part Time,Doncaster DC,Doncaster,Yorkshire and the Humber,27400,3,15/03/2025,16/05/2025,Voluntary,Retirement,0,Female,26,White British,GCSE,7,3.5,51,5,65,25,No,Band E,Single
1200000988,Toby,Morgan,Warehouse,Packing,1200000679,1200000624,1200000600,1200000594,Packer,Individual Contributor,Permanent,Full Time,Doncaster DC,Doncaster,Yorkshire and the Humber,32000,0,13/01/2025,,,,1,Male,22,White British,A-Level,3,3.7,58,1,76,14,Yes,Band D,Single
1200000990,Ian,Jones,Warehouse,Inventory,1200000682,1200000626,1200000600,1200000594,Inventory Controller,Individual Contributor,Permanent,Full Time,Doncaster DC,Doncaster,Yorkshire and the Humber,34000,2.6,25/11/2023,,,,1,Female,30,White British,A-Level,12,2.7,72,6,177,15,No,Band C,Married
1200000992,Wayne,Cook,Warehouse,Inventory,1200000683,1200000626,1200000600,1200000594,Inventory Controller,Individual Contributor,Permanent,Part Time,Doncaster DC,Doncaster,Yorkshire and the Humber,25600,0,28/03/2026,,,,1,Male,32,White British,Vocational/Apprenticeship,11,3.6,79,4,106,15,Yes,Band F,Divorced
1200000994,Rita,Simmons,Warehouse,Dispatch,1200000685,1200000628,1200000600,1200000594,Warehouse Operative,Individual Contributor,Permanent,Part Time,Doncaster DC,Doncaster,Yorkshire and the Humber,28400,0,21/10/2024,,,,1,Male,26,White Other,A-Level,8,3.4,85,7,116,35,No,Band E,Single
1200000996,Simon,Barton,Warehouse,Returns,1200000686,1200000631,1200000600,1200000594,Warehouse Operative,Individual Contributor,Permanent,Part Time,Doncaster DC,Doncaster,Yorkshire and the Humber,35200,0,16/07/2023,02/01/2024,Voluntary,Retirement,0,Male,28,White British,GCSE,6,3.4,67,5,158,17,Yes,Band B,Married
1200000997,Tom,Taylor,Warehouse,Goods In,1200000687,1200000632,1200000601,1200000594,Warehouse Operative,Individual Contributor,Permanent,Full Time,Leeds DC,Leeds,Yorkshire and the Humber,33400,0,27/11/2024,,,,1,Male,23,White British,Vocational/Apprenticeship,4,3.1,84,7,121,12,No,Band C,Single
1200000999,Janice,Watson,Warehouse,Goods In,1200000690,1200000632,1200000601,1200000594,Warehouse Operative,Individual Contributor,Permanent,Full Time,Leeds DC,Leeds,Yorkshire and the Humber,34000,2.1,04/08/2022,,,,1,Female,21,White British,GCSE,0,4.4,87,3,130,16,No,Band C,Single
1200001001,Aimee,Edwards,Warehouse,Picking,1200000692,1200000634,1200000601,1200000594,Picker,Individual Contributor,Permanent,Full Time,Leeds DC,Leeds,Yorkshire and the Humber,35900,2.6,26/04/2026,,,,1,Male,26,White British,A-Level,5,3.1,75,4,89,24,No,Band B,Single
1200001004,Norman,Carr,Warehouse,Packing,1200000694,1200000636,1200000601,1200000594,Packer,Individual Contributor,Permanent,Full Time,Leeds DC,Leeds,Yorkshire and the Humber,32300,0,07/12/2023,,,,1,Male,23,White British,A-Level,2,3.9,100,5,91,21,No,Band D,Married
1200001007,Jack,Richards,Warehouse,Inventory,1200000696,1200000637,1200000601,1200000594,Inventory Controller,Individual Contributor,Permanent,Full Time,Leeds DC,Leeds,Yorkshire and the Humber,33300,2.8,21/01/2025,,,,1,Male,23,White British,Vocational/Apprenticeship,1,3.8,57,3,91,30,No,Band C,Single
1200001008,Terence,Yates,Warehouse,Inventory,1200000699,1200000637,1200000601,1200000594,Inventory Controller,Individual Contributor,Permanent,Full Time,Leeds DC,Leeds,Yorkshire and the Humber,29900,0.4,04/10/2024,,,,1,Male,29,White British,A-Level,10,3,76,6,48,24,Yes,Band E,Married
1200001011,Gareth,Turner,Warehouse,Dispatch,1200000702,1200000640,1200000601,1200000594,Warehouse Operative,Individual Contributor,Fixed-Term,Part Time,Leeds DC,Leeds,Yorkshire and the Humber,30500,1.8,16/11/2024,,,,1,Male,30,White British,Bachelor's,8,3.9,63,6,87,18,No,Band D,Married
1200001012,Jordan,Williams,Warehouse,Returns,1200000703,1200000642,1200000601,1200000594,Warehouse Operative,Individual Contributor,Fixed-Term,Full Time,Leeds DC,Leeds,Yorkshire and the Humber,32700,0,29/09/2025,,,,1,Male,24,White British,A-Level,2,3.3,77,6,72,1,No,Band C,Single
1200001014,Adam,Carter,Warehouse,Goods In,1200000706,1200000644,1200000604,1200000594,Warehouse Operative,Individual Contributor,Permanent,Full Time,Rugby DC,Rugby,West Midlands,25900,0,02/09/2024,22/07/2026,Voluntary,Relocation,0,Male,21,Other Ethnic Group,A-Level,2,2.8,52,2,45,28,No,Band F,Married
1200001016,Lindsey,Carr,Warehouse,Goods In,1200000708,1200000644,1200000604,1200000594,Warehouse Operative,Individual Contributor,Permanent,Full Time,Rugby DC,Rugby,West Midlands,24000,0,17/12/2024,,,,1,Female,21,White British,Vocational/Apprenticeship,0,3.3,63,2,93,48,No,Band F,Single
1200001019,Ross,Thompson,Warehouse,Picking,1200000709,1200000645,1200000604,1200000594,Picker,Individual Contributor,Permanent,Full Time,Rugby DC,Rugby,West Midlands,34400,1.3,04/12/2023,,,,1,Female,21,White British,Vocational/Apprenticeship,0,3.6,54,4,88,16,No,Band C,Single
1200001021,Kieran,Cooke,Warehouse,Packing,1200000710,1200000648,1200000604,1200000594,Packer,Individual Contributor,Permanent,Full Time,Rugby DC,Rugby,West Midlands,34600,0,02/01/2026,,,,1,Male,19,White British,GCSE,0,3.1,72,2,110,10,No,Band C,Single
1200001024,Daniel,Duncan,Warehouse,Inventory,1200000713,1200000651,1200000604,1200000594,Inventory Controller,Individual Contributor,Fixed-Term,Full Time,Rugby DC,Rugby,West Midlands,32500,0,17/08/2022,,,,1,Male,31,White British,Vocational/Apprenticeship,9,3.9,60,5,40,11,Yes,Band C,Single
1200001025,Jacqueline,Harris,Warehouse,Inventory,1200000714,1200000651,1200000604,1200000594,Inventory Controller,Individual Contributor,Permanent,Full Time,Rugby DC,Rugby,West Midlands,32700,1.2,11/05/2025,,,,1,Female,29,White British,Vocational/Apprenticeship,11,3.4,99,6,89,12,Yes,Band C,Married
1200001026,Christian,Crawford,Warehouse,Dispatch,1200000715,1200000654,1200000604,1200000594,Warehouse Operative,Individual Contributor,Permanent,Full Time,Rugby DC,Rugby,West Midlands,26400,0,06/12/2025,,,,1,Female,25,White Other,GCSE,5,3.7,81,6,134,32,No,Band F,Single
1200001027,Adrian,Hill,Warehouse,Returns,1200000716,1200000656,1200000604,1200000594,Warehouse Operative,Individual Contributor,Permanent,Full Time,Rugby DC,Rugby,West Midlands,30800,0.8,12/07/2023,,,,1,Male,22,Black British,Vocational/Apprenticeship,3,2,81,3,91,20,Yes,Band D,Single
1200001030,Lawrence,Richardson,Warehouse,Goods In,1200000659,1200000606,1200000597,1200000594,Warehouse Operative,Individual Contributor,Permanent,Full Time,Birmingham DC,Birmingham,West Midlands,29200,1.2,03/02/2026,,,,1,Male,19,White British,A-Level,1,3.1,48,1,96,31,No,Band E,Single
1200001033,Katie,Thompson,Warehouse,Goods In,1200000660,1200000606,1200000597,1200000594,Warehouse Operative,Individual Contributor,Permanent,Part Time,Birmingham DC,Birmingham,West Midlands,31300,0,10/10/2024,,,,1,Female,25,White British,GCSE,4,2.8,83,3,40,12,No,Band D,Single
1200001036,Hannah,John,Warehouse,Picking,1200000662,1200000609,1200000597,1200000594,Picker,Individual Contributor,Permanent,Full Time,Birmingham DC,Birmingham,West Midlands,28700,0.5,17/12/2022,,,,1,Male,22,White British,Bachelor's,0,3.9,64,3,99,13,No,Band E,Married
1200001039,Karl,Bibi,Warehouse,Packing,1200000663,1200000611,1200000597,1200000594,Packer,Individual Contributor,Permanent,Full Time,Birmingham DC,Birmingham,West Midlands,25100,0,04/12/2022,,,,1,Male,25,White British,GCSE,3,2.2,64,3,76,0,Yes,Band F,Single
1200001041,Trevor,Stephenson,Warehouse,Inventory,1200000664,1200000614,1200000597,1200000594,Inventory Controller,Individual Contributor,Permanent,Full Time,Birmingham DC,Birmingham,West Midlands,28500,0,17/10/2024,,,,1,Female,24,Other Ethnic Group,A-Level,3,3.1,62,3,104,8,No,Band E,Single
1200001042,Iain,Wilkins,Warehouse,Inventory,1200000666,1200000614,1200000597,1200000594,Inventory Controller,Individual Contributor,Permanent,Full Time,Birmingham DC,Birmingham,West Midlands,33100,2.1,25/04/2022,20/02/2023,Voluntary,Retirement,0,Female,31,White Other,A-Level,10,3,76,7,60,9,No,Band C,Single
1200001044,Dale,Dawson,Warehouse,Dispatch,1200000669,1200000616,1200000597,1200000594,Warehouse Operative,Individual Contributor,Permanent,Part Time,Birmingham DC,Birmingham,West Midlands,30300,0,21/08/2023,,,,1,Female,28,White Other,Vocational/Apprenticeship,8,2.6,88,2,152,18,Yes,Band D,Single
1200001045,Bernard,Smith,Warehouse,Returns,1200000672,1200000617,1200000597,1200000594,Warehouse Operative,Individual Contributor,Contractor,Full Time,Birmingham DC,Birmingham,West Midlands,25500,1.9,15/11/2024,,,,1,Female,29,Asian British,GCSE,10,3.5,69,3,132,34,No,Band F,Single
1200001048,Christopher,Sutton,Warehouse,Goods In,1200000675,1200000620,1200000600,1200000594,Warehouse Operative,Individual Contributor,Permanent,Full Time,Doncaster DC,Doncaster,Yorkshire and the Humber,32100,0,12/08/2025,,,,1,Male,24,White British,Vocational/Apprenticeship,2,3.8,68,3,54,24,No,Band D,Single
1200001051,Donald,Hutchinson,Warehouse,Goods In,1200000676,1200000620,1200000600,1200000594,Warehouse Operative,Individual Contributor,Permanent,Part Time,Doncaster DC,Doncaster,Yorkshire and the Humber,35100,0,22/10/2025,,,,1,Female,26,Mixed,Vocational/Apprenticeship,7,2.9,47,4,55,20,No,Band B,Single
1200001054,Declan,Kaur,Warehouse,Picking,1200000677,1200000623,1200000600,1200000594,Picker,Individual Contributor,Permanent,Part Time,Doncaster DC,Doncaster,Yorkshire and the Humber,28500,0,03/12/2024,,,,1,Male,25,White British,A-Level,4,3,69,6,68,4,No,Band E,Married
1200001057,Deborah,Williams,Warehouse,Packing,1200000679,1200000624,1200000600,1200000594,Packer,Individual Contributor,Contractor,Full Time,Doncaster DC,Doncaster,Yorkshire and the Humber,29500,0,17/06/2023,,,,1,Male,22,White British,GCSE,3,3.3,78,4,123,19,No,Band E,Single
1200001059,Kyle,Scott,Warehouse,Inventory,1200000682,1200000626,1200000600,1200000594,Inventory Controller,Individual Contributor,Permanent,Full Time,Doncaster DC,Doncaster,Yorkshire and the Humber,31900,0.1,19/10/2024,,,,1,Male,27,White Other,Bachelor's,9,4,75,5,94,50,No,Band D,Single
1200001062,Leanne,Dawson,Warehouse,Inventory,1200000683,1200000626,1200000600,1200000594,Inventory Controller,Individual Contributor,Permanent,Full Time,Doncaster DC,Doncaster,Yorkshire and the Humber,31200,1.9,17/04/2024,,,,1,Female,23,White British,GCSE,1,4.2,72,4,162,24,Yes,Band D,Single
1200001064,Phillip,Marshall,Warehouse,Dispatch,1200000685,1200000628,1200000600,1200000594,Warehouse Operative,Individual Contributor,Permanent,Full Time,Doncaster DC,Doncaster,Yorkshire and the Humber,25700,1.7,22/05/2026,,,,1,Male,28,White British,A-Level,10,2.8,75,2,109,18,Yes,Band F,Single
1200001066,Julian,Brady,Warehouse,Returns,1200000686,1200000631,1200000600,1200000594,Warehouse Operative,Individual Contributor,Permanent,Full Time,Doncaster DC,Doncaster,Yorkshire and the Humber,34700,2.3,14/02/2026,,,,1,Female,25,White British,A-Level,5,3.2,78,4,120,8,No,Band C,Single
1200001067,Sandra,Watkins,Warehouse,Goods In,1200000687,1200000632,1200000601,1200000594,Warehouse Operative,Individual Contributor,Permanent,Full Time,Leeds DC,Leeds,Yorkshire and the Humber,31900,1.3,29/09/2023,,,,1,Male,24,White British,Vocational/Apprenticeship,3,3.9,78,3,43,15,Yes,Band D,Married
1200001070,Cameron,Dean,Warehouse,Goods In,1200000690,1200000632,1200000601,1200000594,Warehouse Operative,Individual Contributor,Permanent,Full Time,Leeds DC,Leeds,Yorkshire and the Humber,33900,0,03/10/2021,,,,1,Female,25,White British,GCSE,5,3.2,71,5,107,16,No,Band C,Single
1200001071,Karl,Bradshaw,Warehouse,Picking,1200000692,1200000634,1200000601,1200000594,Picker,Individual Contributor,Permanent,Part Time,Leeds DC,Leeds,Yorkshire and the Humber,27100,2.1,18/06/2023,,,,1,Male,22,Other Ethnic Group,A-Level,2,4.5,67,2,94,17,No,Band E,Single
1200001072,Gerard,Doyle,Warehouse,Packing,1200000694,1200000636,1200000601,1200000594,Packer,Individual Contributor,Permanent,Part Time,Leeds DC,Leeds,Yorkshire and the Humber,27600,1.9,05/06/2023,,,,1,Male,31,White British,A-Level,10,3.2,74,3,168,23,No,Band E,Married
1200001073,Bruce,Harris,Warehouse,Inventory,1200000696,1200000637,1200000601,1200000594,Inventory Controller,Individual Contributor,Permanent,Part Time,Leeds DC,Leeds,Yorkshire and the Humber,25200,0,11/07/2024,,,,1,Female,20,White British,GCSE,2,4.2,67,5,94,25,No,Band F,Single
1200001074,Lydia,Byrne,Warehouse,Inventory,1200000699,1200000637,1200000601,1200000594,Inventory Controller,Individual Contributor,Permanent,Full Time,Leeds DC,Leeds,Yorkshire and the Humber,35800,0,05/06/2024,,,,1,Male,21,Asian British,GCSE,1,4.4,96,4,201,18,No,Band B,Single
1200001075,Rebecca,Armstrong,Warehouse,Dispatch,1200000702,1200000640,1200000601,1200000594,Warehouse Operative,Individual Contributor,Fixed-Term,Part Time,Leeds DC,Leeds,Yorkshire and the Humber,27400,0,19/11/2022,,,,1,Male,31,White British,Vocational/Apprenticeship,11,3.5,60,3,133,23,No,Band E,Married
1200001076,Glenn,Marsh,Warehouse,Returns,1200000703,1200000642,1200000601,1200000594,Warehouse Operative,Individual Contributor,Permanent,Full Time,Leeds DC,Leeds,Yorkshire and the Humber,35400,0,08/10/2025,,,,1,Female,23,White British,Bachelor's,2,4.5,54,4,54,18,No,Band B,Single
1200001078,Jessica,Walker,Warehouse,Goods In,1200000706,1200000644,1200000604,1200000594,Warehouse Operative,Individual Contributor,Permanent,Full Time,Rugby DC,Rugby,West Midlands,32300,2.7,16/09/2025,,,,1,Male,28,White British,GCSE,9,3.6,53,3,63,16,No,Band D,Single
1200001080,Frederick,Lee,Warehouse,Goods In,1200000708,1200000644,1200000604,1200000594,Warehouse Operative,Individual Contributor,Permanent,Full Time,Rugby DC,Rugby,West Midlands,35400,2.9,03/05/2024,,,,1,Male,31,White British,A-Level,9,3.6,77,1,99,25,No,Band B,Married
1200001082,Dawn,Russell,Warehouse,Picking,1200000709,1200000645,1200000604,1200000594,Picker,Individual Contributor,Permanent,Full Time,Rugby DC,Rugby,West Midlands,31000,1.7,18/08/2023,,,,1,Female,25,Black British,A-Level,5,3.6,81,2,99,6,No,Band D,Married
1200001083,Geoffrey,Jenkins,Warehouse,Packing,1200000710,1200000648,1200000604,1200000594,Packer,Individual Contributor,Permanent,Full Time,Rugby DC,Rugby,West Midlands,31400,1.2,18/11/2023,,,,1,Male,29,Asian British,A-Level,8,2.4,79,4,60,2,No,Band D,Married
1200001085,Stacey,Lloyd,Warehouse,Inventory,1200000713,1200000651,1200000604,1200000594,Inventory Controller,Individual Contributor,Permanent,Full Time,Rugby DC,Rugby,West Midlands,28500,0.3,02/06/2025,,,,1,Female,29,White British,GCSE,11,3.3,78,3,40,3,No,Band E,Married
1200001088,Neil,Houghton,Transport,Fleet,1200000005,1200000004,,,Transport Director,Director,Permanent,Full Time,Leeds DC,Leeds,Yorkshire and the Humber,90600,32.7,02/05/2021,,,,1,Female,49,White British,Bachelor's,29,3.2,57,2,0,26,No,Band A,Single
1200001091,Declan,Davey,Transport,Fleet,1200001088,1200000005,1200000004,,Transport Manager,Manager,Permanent,Full Time,Birmingham DC,Birmingham,West Midlands,55400,13.6,08/01/2021,,,,1,Female,33,White British,Bachelor's,14,3.2,71,1,0,17,No,Band A,Single
1200001093,Hugh,Davies,Transport,Fleet,1200001088,1200000005,1200000004,,Transport Manager,Manager,Permanent,Part Time,Doncaster DC,Doncaster,Yorkshire and the Humber,62400,12.2,11/12/2023,,,,1,Male,34,White British,Bachelor's,15,4.8,98,1,0,9,No,Band A,Single
1200001095,Brian,Johnson,Transport,Fleet,1200001088,1200000005,1200000004,,Transport Manager,Manager,Permanent,Part Time,Leeds DC,Leeds,Yorkshire and the Humber,65600,11.5,28/12/2023,,,,1,Male,34,White British,Master's,13,3.9,78,1,0,16,Yes,Band A,Divorced
1200001096,Aimee,Willis,Transport,Fleet,1200001088,1200000005,1200000004,,Transport Manager,Manager,Permanent,Full Time,Rugby DC,Rugby,West Midlands,54200,12.4,04/01/2023,,,,1,Female,31,White British,Vocational/Apprenticeship,10,3.6,74,4,0,26,No,Band A,Married
1200001099,Dean,Pearson,Transport,Drivers,1200001091,1200001088,1200000005,1200000004,Fleet Coordinator,Team Leader,Permanent,Full Time,Birmingham DC,Birmingham,West Midlands,36300,4.1,14/01/2021,,,,1,Male,28,White British,Vocational/Apprenticeship,10,2.7,66,5,97,28,Yes,Band B,Married
1200001101,Christine,Jackson,Transport,Route Planning,1200001091,1200001088,1200000005,1200000004,Transport Planner,Team Leader,Permanent,Full Time,Birmingham DC,Birmingham,West Midlands,36900,4.9,21/02/2025,,,,1,Male,23,White British,Bachelor's,2,4.2,77,2,133,7,No,Band B,Single
1200001104,Gary,Green,Transport,Drivers,1200001093,1200001088,1200000005,1200000004,Fleet Coordinator,Team Leader,Permanent,Full Time,Doncaster DC,Doncaster,Yorkshire and the Humber,41700,5.7,20/08/2025,,,,1,Female,30,White British,GCSE,8,2.6,65,2,30,28,Yes,Band B,Married
1200001106,Stephanie,Rose,Transport,Route Planning,1200001093,1200001088,1200000005,1200000004,Transport Planner,Team Leader,Permanent,Full Time,Doncaster DC,Doncaster,Yorkshire and the Humber,34700,5.6,09/11/2024,,,,1,Male,30,Black British,A-Level,12,3.6,85,4,87,11,No,Band C,Divorced
1200001109,Gavin,Jarvis,Transport,Drivers,1200001095,1200001088,1200000005,1200000004,Fleet Coordinator,Team Leader,Permanent,Full Time,Leeds DC,Leeds,Yorkshire and the Humber,41400,5.3,19/02/2023,07/06/2025,Involuntary,End of fixed-term contract,0,Male,33,White British,Bachelor's,14,3.2,53,3,79,31,No,Band B,Married
1200001112,Gary,Fitzgerald,Transport,Route Planning,1200001095,1200001088,1200000005,1200000004,Transport Planner,Team Leader,Permanent,Full Time,Leeds DC,Leeds,Yorkshire and the Humber,32000,7,20/09/2022,,,,1,Female,33,White British,GCSE,11,3.8,67,4,71,30,No,Band D,Married
1200001114,Justin,Hill,Transport,Drivers,1200001096,1200001088,1200000005,1200000004,Fleet Coordinator,Team Leader,Permanent,Part Time,Rugby DC,Rugby,West Midlands,35600,6,29/11/2022,18/05/2026,Voluntary,Relocation,0,Male,36,Asian British,A-Level,15,4,56,1,160,7,Yes,Band B,Single
1200001115,Barry,Burke,Transport,Route Planning,1200001096,1200001088,1200000005,1200000004,Transport Planner,Team Leader,Permanent,Full Time,Rugby DC,Rugby,West Midlands,32300,4.9,19/08/2025,,,,1,Male,31,White British,GCSE,10,3.9,65,6,67,14,No,Band D,Divorced
1200001116,Scott,Johnston,Transport,Drivers,1200001099,1200001091,1200001088,1200000005,HGV Driver,Individual Contributor,Permanent,Full Time,Birmingham DC,Birmingham,West Midlands,26900,0,29/05/2022,,,,1,Male,25,White British,Vocational/Apprenticeship,5,4.3,53,3,146,25,No,Band E,Single
1200001118,Cameron,Morgan,Transport,Drivers,1200001101,1200001091,1200001088,1200000005,Delivery Driver,Individual Contributor,Contractor,Full Time,Birmingham DC,Birmingham,West Midlands,27300,1.1,27/12/2024,,,,1,Male,18,White British,GCSE,0,3.1,73,5,75,25,No,Band E,Divorced
1200001119,Stephanie,Morris,Transport,Drivers,1200001104,1200001093,1200001088,1200000005,HGV Driver,Individual Contributor,Permanent,Full Time,Doncaster DC,Doncaster,Yorkshire and the Humber,24700,0.3,29/08/2023,,,,1,Male,29,White British,A-Level,10,4,69,5,94,19,No,Band F,Married
1200001121,Leslie,Roberts,Transport,Drivers,1200001106,1200001093,1200001088,1200000005,Delivery Driver,Individual Contributor,Permanent,Full Time,Doncaster DC,Doncaster,Yorkshire and the Humber,24200,0,21/05/2024,,,,1,Male,21,White British,GCSE,1,2.9,81,7,52,6,No,Band F,Married
1200001124,Donald,Robson,Transport,Drivers,1200001109,1200001095,1200001088,1200000005,HGV Driver,Individual Contributor,Permanent,Part Time,Leeds DC,Leeds,Yorkshire and the Humber,26800,0,09/07/2024,,,,1,Male,23,White British,A-Level,1,4.1,87,3,57,26,No,Band F,Single
1200001127,Steven,Mitchell,Transport,Drivers,1200001112,1200001095,1200001088,1200000005,Delivery Driver,Individual Contributor,Permanent,Full Time,Leeds DC,Leeds,Yorkshire and the Humber,29500,0,11/09/2024,,,,1,Male,30,Black British,A-Level,12,2.8,80,9,70,3,No,Band E,Single
1200001128,Nathan,Taylor,Transport,Drivers,1200001114,1200001096,1200001088,1200000005,Delivery Driver,Individual Contributor,Permanent,Full Time,Rugby DC,Rugby,West Midlands,34200,0,04/07/2025,,,,1,Male,31,White British,A-Level,12,4.3,52,3,117,13,No,Band C,Single
1200001130,Tom,Robinson,Transport,Drivers,1200001115,1200001096,1200001088,1200000005,HGV Driver,Individual Contributor,Permanent,Full Time,Rugby DC,Rugby,West Midlands,30800,0.9,25/05/2024,,,,1,Male,30,White British,Vocational/Apprenticeship,8,2.9,70,3,84,16,No,Band D,Married
1200001132,Ricky,Owen,Transport,Drivers,1200001099,1200001091,1200001088,1200000005,Delivery Driver,Individual Contributor,Permanent,Full Time,Birmingham DC,Birmingham,West Midlands,25100,0.2,13/08/2024,,,,1,Male,22,White British,Vocational/Apprenticeship,4,2.8,61,5,6,15,Yes,Band F,Single
1200001134,Joe,Brown,Transport,Drivers,1200001101,1200001091,1200001088,1200000005,HGV Driver,Individual Contributor,Permanent,Full Time,Birmingham DC,Birmingham,West Midlands,28000,1.8,17/05/2021,,,,1,Male,26,White British,A-Level,7,4,87,5,57,13,No,Band E,Single
1200001136,Max,Harvey,Transport,Drivers,1200001104,1200001093,1200001088,1200000005,HGV Driver,Individual Contributor,Permanent,Part Time,Doncaster DC,Doncaster,Yorkshire and the Humber,26600,2.4,30/09/2024,23/02/2026,Voluntary,Relocation,0,Male,29,White British,A-Level,8,3.4,87,5,172,3,No,Band F,Married
1200001138,Jeffrey,Davies,Transport,Drivers,1200001106,1200001093,1200001088,1200000005,HGV Driver,Individual Contributor,Permanent,Full Time,Doncaster DC,Doncaster,Yorkshire and the Humber,33900,1,02/02/2025,,,,1,Male,24,White British,GCSE,2,3.5,52,7,53,26,No,Band C,Single
1200001140,Tom,Smith,Transport,Drivers,1200001109,1200001095,1200001088,1200000005,Delivery Driver,Individual Contributor,Contractor,Full Time,Leeds DC,Leeds,Yorkshire and the Humber,32000,0,22/02/2023,,,,1,Female,32,Other Ethnic Group,GCSE,11,3.7,60,1,75,23,No,Band D,Single
1200001142,Karl,Fuller,Transport,Drivers,1200001112,1200001095,1200001088,1200000005,Delivery Driver,Individual Contributor,Permanent,Full Time,Leeds DC,Leeds,Yorkshire and the Humber,35600,2.1,13/12/2024,,,,1,Male,31,White British,Vocational/Apprenticeship,9,3.2,74,4,128,31,No,Band B,Single
1200001145,Christian,Griffiths,Transport,Drivers,1200001114,1200001096,1200001088,1200000005,HGV Driver,Individual Contributor,Permanent,Full Time,Rugby DC,Rugby,West Midlands,28200,0,29/11/2023,,,,1,Male,30,White British,Vocational/Apprenticeship,11,3.4,79,3,112,9,No,Band E,Single
1200001146,Connor,Jones,Transport,Drivers,1200001115,1200001096,1200001088,1200000005,Delivery Driver,Individual Contributor,Permanent,Full Time,Rugby DC,Rugby,West Midlands,31000,0,19/01/2025,,,,1,Male,23,White British,Bachelor's,4,3.4,57,3,64,36,No,Band D,Married
1200001148,Dylan,Young,Transport,Drivers,1200001099,1200001091,1200001088,1200000005,HGV Driver,Individual Contributor,Permanent,Full Time,Birmingham DC,Birmingham,West Midlands,35500,0,14/07/2023,,,,1,Male,24,Other Ethnic Group,Vocational/Apprenticeship,3,4.1,52,3,72,12,Yes,Band B,Married
1200001150,Leonard,Mills,Transport,Drivers,1200001101,1200001091,1200001088,1200000005,HGV Driver,Individual Contributor,Permanent,Full Time,Birmingham DC,Birmingham,West Midlands,27000,0.3,22/01/2025,,,,1,Male,20,White British,GCSE,0,2.5,57,3,114,1,No,Band E,Single
1200001153,Stewart,Quinn,Transport,Drivers,1200001104,1200001093,1200001088,1200000005,HGV Driver,Individual Contributor,Permanent,Full Time,Doncaster DC,Doncaster,Yorkshire and the Humber,28800,0,23/09/2023,,,,1,Male,29,White British,GCSE,11,3.2,66,1,76,14,Yes,Band E,Single
1200001154,Ryan,Woods,Transport,Drivers,1200001106,1200001093,1200001088,1200000005,Delivery Driver,Individual Contributor,Fixed-Term,Full Time,Doncaster DC,Doncaster,Yorkshire and the Humber,27500,0,29/05/2026,,,,1,Male,28,White British,Bachelor's,10,2.8,57,3,78,25,No,Band E,Single
1200001156,Dale,Walker,Transport,Drivers,1200001109,1200001095,1200001088,1200000005,HGV Driver,Individual Contributor,Permanent,Full Time,Leeds DC,Leeds,Yorkshire and the Humber,30200,2.9,24/05/2026,28/07/2026,Involuntary,Performance,0,Female,21,Asian British,Vocational/Apprenticeship,0,2.6,73,4,128,24,Yes,Band D,Single
1200001159,Derek,Brooks,Transport,Drivers,1200001112,1200001095,1200001088,1200000005,Delivery Driver,Individual Contributor,Contractor,Part Time,Leeds DC,Leeds,Yorkshire and the Humber,31400,2,29/10/2025,,,,1,Male,28,White British,A-Level,8,3.5,66,8,39,35,No,Band D,Married
1200001162,Amy,Davidson,Transport,Drivers,1200001114,1200001096,1200001088,1200000005,Delivery Driver,Individual Contributor,Fixed-Term,Part Time,Rugby DC,Rugby,West Midlands,31900,1.8,29/05/2025,,,,1,Male,25,White British,A-Level,3,3.8,62,1,142,2,No,Band D,Single
1200001163,Jack,Rogers,Transport,Drivers,1200001115,1200001096,1200001088,1200000005,Delivery Driver,Individual Contributor,Permanent,Full Time,Rugby DC,Rugby,West Midlands,24500,0,26/01/2026,,,,1,Male,28,White Other,A-Level,6,3.9,100,4,75,26,No,Band F,Married
1200001166,Louis,Clark,Transport,Drivers,1200001099,1200001091,1200001088,1200000005,HGV Driver,Individual Contributor,Permanent,Full Time,Birmingham DC,Birmingham,West Midlands,25700,2.1,16/08/2023,,,,1,Male,22,White British,Bachelor's,4,3.5,60,3,113,22,No,Band F,Married
1200001169,Terence,Shah,Transport,Drivers,1200001101,1200001091,1200001088,1200000005,HGV Driver,Individual Contributor,Permanent,Full Time,Birmingham DC,Birmingham,West Midlands,27700,2.3,26/12/2023,16/12/2024,Voluntary,Retirement,0,Male,25,White British,Vocational/Apprenticeship,5,3.1,83,2,68,13,No,Band E,Single
1200001170,Joseph,McCarthy,Transport,Drivers,1200001104,1200001093,1200001088,1200000005,HGV Driver,Individual Contributor,Fixed-Term,Full Time,Doncaster DC,Doncaster,Yorkshire and the Humber,33700,2.2,29/12/2023,,,,1,Male,19,White British,A-Level,0,2.6,93,5,50,24,No,Band C,Single
1200001172,Jeffrey,Davies,Transport,Drivers,1200001106,1200001093,1200001088,1200000005,HGV Driver,Individual Contributor,Permanent,Part Time,Doncaster DC,Doncaster,Yorkshire and the Humber,34900,0.7,30/04/2025,,,,1,Male,23,White British,A-Level,1,4.5,68,7,113,23,No,Band B,Single
1200001174,Damien,Harding,Transport,Drivers,1200001109,1200001095,1200001088,1200000005,Delivery Driver,Individual Contributor,Permanent,Full Time,Leeds DC,Leeds,Yorkshire and the Humber,29200,0,22/12/2025,,,,1,Male,26,Other Ethnic Group,GCSE,4,3.9,80,1,131,22,No,Band E,Single
1200001176,Rhys,Fox,Transport,Drivers,1200001112,1200001095,1200001088,1200000005,Delivery Driver,Individual Contributor,Permanent,Full Time,Leeds DC,Leeds,Yorkshire and the Humber,35700,0,12/01/2026,,,,1,Male,30,White Other,Vocational/Apprenticeship,11,3.1,72,2,79,2,No,Band B,Married
1200001179,Martin,Young,Transport,Drivers,1200001114,1200001096,1200001088,1200000005,HGV Driver,Individual Contributor,Permanent,Full Time,Rugby DC,Rugby,West Midlands,30400,0,10/01/2023,,,,1,Female,21,White British,Bachelor's,0,3,75,4,44,14,No,Band D,Single
1200001181,Toby,Gibson,Transport,Drivers,1200001115,1200001096,1200001088,1200000005,HGV Driver,Individual Contributor,Permanent,Full Time,Rugby DC,Rugby,West Midlands,31500,1.7,14/08/2022,,,,1,Male,28,White British,A-Level,8,3.8,58,6,58,20,No,Band D,Single
1200001184,Duncan,Richards,Transport,Drivers,1200001099,1200001091,1200001088,1200000005,HGV Driver,Individual Contributor,Fixed-Term,Full Time,Birmingham DC,Birmingham,West Midlands,31000,0.5,29/07/2024,,,,1,Male,31,White British,A-Level,10,4,71,4,92,1,No,Band D,Married
1200001190,Sheila,Brennan,Transport,Drivers,1200001104,1200001093,1200001088,1200000005,Delivery Driver,Individual Contributor,Permanent,Full Time,Doncaster DC,Doncaster,Yorkshire and the Humber,24200,0,03/01/2025,,,,1,Male,30,White British,A-Level,10,3.1,67,3,63,19,No,Band F,Single
1200001191,Ross,Watson,Transport,Drivers,1200001106,1200001093,1200001088,1200000005,HGV Driver,Individual Contributor,Permanent,Full Time,Doncaster DC,Doncaster,Yorkshire and the Humber,34600,0.9,01/05/2023,09/11/2025,Voluntary,Better opportunity,0,Male,24,White British,A-Level,3,2.6,63,3,114,36,No,Band C,Single
1200001194,Jeremy,Gibson,Transport,Drivers,1200001109,1200001095,1200001088,1200000005,HGV Driver,Individual Contributor,Permanent,Full Time,Leeds DC,Leeds,Yorkshire and the Humber,32500,1.6,04/09/2024,,,,1,Male,28,Asian British,Vocational/Apprenticeship,10,3.9,70,4,123,11,No,Band C,Single
1200001196,Glenn,Owen,Transport,Drivers,1200001112,1200001095,1200001088,1200000005,HGV Driver,Individual Contributor,Contractor,Full Time,Leeds DC,Leeds,Yorkshire and the Humber,34700,0,05/02/2021,,,,1,Male,27,White British,Vocational/Apprenticeship,8,3.1,59,4,142,30,Yes,Band C,Divorced
1200001199,Josephine,Evans,Transport,Drivers,1200001114,1200001096,1200001088,1200000005,HGV Driver,Individual Contributor,Contractor,Full Time,Rugby DC,Rugby,West Midlands,28800,1.3,11/05/2024,,,,1,Male,22,White British,Vocational/Apprenticeship,0,3.3,74,3,86,6,No,Band E,Single
1200001200,Joe,White,Transport,Drivers,1200001115,1200001096,1200001088,1200000005,HGV Driver,Individual Contributor,Permanent,Full Time,Rugby DC,Rugby,West Midlands,27500,1.8,09/12/2025,,,,1,Male,20,White British,A-Level,0,2.8,58,3,120,19,Yes,Band E,Single
1200001201,Benjamin,Wells,Transport,Drivers,1200001099,1200001091,1200001088,1200000005,HGV Driver,Individual Contributor,Permanent,Full Time,Birmingham DC,Birmingham,West Midlands,32800,0,10/03/2025,,,,1,Female,30,White British,GCSE,11,2.8,88,6,80,6,No,Band C,Single
1200001203,Julian,Green,Transport,Drivers,1200001101,1200001091,1200001088,1200000005,HGV Driver,Individual Contributor,Permanent,Full Time,Birmingham DC,Birmingham,West Midlands,33900,0,30/01/2025,,,,1,Female,26,White British,A-Level,8,4.1,92,1,147,20,No,Band C,Single
1200001204,Kenneth,Graham,Transport,Drivers,1200001104,1200001093,1200001088,1200000005,HGV Driver,Individual Contributor,Permanent,Full Time,Doncaster DC,Doncaster,Yorkshire and the Humber,30200,2.3,07/05/2026,,,,1,Male,20,White British,A-Level,1,4.1,70,7,57,15,No,Band D,Married
1200001207,Joel,Coates,Transport,Drivers,1200001106,1200001093,1200001088,1200000005,HGV Driver,Individual Contributor,Permanent,Part Time,Doncaster DC,Doncaster,Yorkshire and the Humber,30400,0,26/02/2026,,,,1,Male,18,Asian British,Vocational/Apprenticeship,0,3.6,62,7,21,14,No,Band D,Single
1200001210,Peter,Fitzgerald,Transport,Drivers,1200001109,1200001095,1200001088,1200000005,HGV Driver,Individual Contributor,Permanent,Full Time,Leeds DC,Leeds,Yorkshire and the Humber,30200,0.8,11/06/2025,,,,1,Male,28,Black British,Vocational/Apprenticeship,9,2.9,79,2,106,20,No,Band D,Married
1200001212,Adrian,Scott,Transport,Drivers,1200001112,1200001095,1200001088,1200000005,HGV Driver,Individual Contributor,Permanent,Full Time,Leeds DC,Leeds,Yorkshire and the Humber,31000,2.2,13/04/2023,,,,1,Male,29,Black British,GCSE,9,3.5,94,2,122,16,No,Band D,Single
1200001213,Lawrence,Martin,Transport,Drivers,1200001114,1200001096,1200001088,1200000005,Delivery Driver,Individual Contributor,Permanent,Full Time,Rugby DC,Rugby,West Midlands,25400,1.7,20/04/2025,,,,1,Female,23,White British,Vocational/Apprenticeship,5,4.8,75,4,157,9,No,Band F,Single
